timestep_sec,total_vehicles_charging,total_power_demand_kW,total_power_demand_MW,pa_2_vehicles,pa_2_power_kW,pa_3_vehicles,pa_3_power_kW,pa_6_vehicles,pa_6_power_kW,pa_7_vehicles,pa_7_power_kW,pa_8_vehicles,pa_8_power_kW,pa_2_rev_vehicles,pa_2_rev_power_kW,pa_3_rev_vehicles,pa_3_rev_power_kW,pa_6_rev_vehicles,pa_6_rev_power_kW,pa_7_rev_vehicles,pa_7_rev_power_kW,pa_8_rev_vehicles,pa_8_rev_power_kW
1.0,0,0.0,0.0,0,0.0,0,0.0,0,0.0,0,0.0,0,0.0,0,0.0,0,0.0,0,0.0,0,0.0,0,0.0
2.0,0,0.0,0.0,0,0.0,0,0.0,0,0.0,0,0.0,0,0.0,0,0.0,0,0.0,0,0.0,0,0.0,0,0.0
3.0,0,0.0,0.0,0,0.0,0,0.0,0,0.0,0,0.0,0,0.0,0,0.0,0,0.0,0,0.0,0,0.0,0,0.0
4.0,0,0.0,0.0,0,0.0,0,0.0,0,0.0,0,0.0,0,0.0,0,0.0,0,0.0,0,0.0,0,0.0,0,0.0
5.0,0,0.0,0.0,0,0.0,0,0.0,0,0.0,0,0.0,0,0.0,0,0.0,0,0.0,0,0.0,0,0.0,0,0.0
6.0,0,0.0,0.0,0,0.0,0,0.0,0,0.0,0,0.0,0,0.0,0,0.0,0,0.0,0,0.0,0,0.0,0,0.0
7.0,0,0.0,0.0,0,0.0,0,0.0,0,0.0,0,0.0,0,0.0,0,0.0,0,0.0,0,0.0,0,0.0,0,0.0
8.0,0,0.0,0.0,0,0.0,0,0.0,0,0.0,0,0.0,0,0.0,0,0.0,0,0.0,0,0.0,0,0.0,0,0.0
9.0,0,0.0,0.0,0,0.0,0,0.0,0,0.0,0,0.0,0,0.0,0,0.0,0,0.0,0,0.0,0,0.0,0,0.0
10.0,0,0.0,0.0,0,0.0,0,0.0,0,0.0,0,0.0,0,0.0,0,0.0,0,0.0,0,0.0,0,0.0,0,0.0
11.0,0,0.0,0.0,0,0.0,0,0.0,0,0.0,0,0.0,0,0.0,0,0.0,0,0.0,0,0.0,0,0.0,0,0.0
12.0,0,0.0,0.0,0,0.0,0,0.0,0,0.0,0,0.0,0,0.0,0,0.0,0,0.0,0,0.0,0,0.0,0,0.0
13.0,0,0.0,0.0,0,0.0,0,0.0,0,0.0,0,0.0,0,0.0,0,0.0,0,0.0,0,0.0,0,0.0,0,0.0
14.0,0,0.0,0.0,0,0.0,0,0.0,0,0.0,0,0.0,0,0.0,0,0.0,0,0.0,0,0.0,0,0.0,0,0.0
15.0,0,0.0,0.0,0,0.0,0,0.0,0,0.0,0,0.0,0,0.0,0,0.0,0,0.0,0,0.0,0,0.0,0,0.0
16.0,0,0.0,0.0,0,0.0,0,0.0,0,0.0,0,0.0,0,0.0,0,0.0,0,0.0,0,0.0,0,0.0,0,0.0
17.0,0,0.0,0.0,0,0.0,0,0.0,0,0.0,0,0.0,0,0.0,0,0.0,0,0.0,0,0.0,0,0.0,0,0.0
18.0,0,0.0,0.0,0,0.0,0,0.0,0,0.0,0,0.0,0,0.0,0,0.0,0,0.0,0,0.0,0,0.0,0,0.0
19.0,0,0.0,0.0,0,0.0,0,0.0,0,0.0,0,0.0,0,0.0,0,0.0,0,0.0,0,0.0,0,0.0,0,0.0
20.0,0,0.0,0.0,0,0.0,0,0.0,0,0.0,0,0.0,0,0.0,0,0.0,0,0.0,0,0.0,0,0.0,0,0.0
21.0,0,0.0,0.0,0,0.0,0,0.0,0,0.0,0,0.0,0,0.0,0,0.0,0,0.0,0,0.0,0,0.0,0,0.0
22.0,0,0.0,0.0,0,0.0,0,0.0,0,0.0,0,0.0,0,0.0,0,0.0,0,0.0,0,0.0,0,0.0,0,0.0
23.0,0,0.0,0.0,0,0.0,0,0.0,0,0.0,0,0.0,0,0.0,0,0.0,0,0.0,0,0.0,0,0.0,0,0.0
24.0,0,0.0,0.0,0,0.0,0,0.0,0,0.0,0,0.0,0,0.0,0,0.0,0,0.0,0,0.0,0,0.0,0,0.0
25.0,0,0.0,0.0,0,0.0,0,0.0,0,0.0,0,0.0,0,0.0,0,0.0,0,0.0,0,0.0,0,0.0,0,0.0
26.0,0,0.0,0.0,0,0.0,0,0.0,0,0.0,0,0.0,0,0.0,0,0.0,0,0.0,0,0.0,0,0.0,0,0.0
27.0,0,0.0,0.0,0,0.0,0,0.0,0,0.0,0,0.0,0,0.0,0,0.0,0,0.0,0,0.0,0,0.0,0,0.0
28.0,0,0.0,0.0,0,0.0,0,0.0,0,0.0,0,0.0,0,0.0,0,0.0,0,0.0,0,0.0,0,0.0,0,0.0
29.0,0,0.0,0.0,0,0.0,0,0.0,0,0.0,0,0.0,0,0.0,0,0.0,0,0.0,0,0.0,0,0.0,0,0.0
30.0,0,0.0,0.0,0,0.0,0,0.0,0,0.0,0,0.0,0,0.0,0,0.0,0,0.0,0,0.0,0,0.0,0,0.0
31.0,0,0.0,0.0,0,0.0,0,0.0,0,0.0,0,0.0,0,0.0,0,0.0,0,0.0,0,0.0,0,0.0,0,0.0
32.0,0,0.0,0.0,0,0.0,0,0.0,0,0.0,0,0.0,0,0.0,0,0.0,0,0.0,0,0.0,0,0.0,0,0.0
33.0,0,0.0,0.0,0,0.0,0,0.0,0,0.0,0,0.0,0,0.0,0,0.0,0,0.0,0,0.0,0,0.0,0,0.0
34.0,0,0.0,0.0,0,0.0,0,0.0,0,0.0,0,0.0,0,0.0,0,0.0,0,0.0,0,0.0,0,0.0,0,0.0
35.0,0,0.0,0.0,0,0.0,0,0.0,0,0.0,0,0.0,0,0.0,0,0.0,0,0.0,0,0.0,0,0.0,0,0.0
36.0,0,0.0,0.0,0,0.0,0,0.0,0,0.0,0,0.0,0,0.0,0,0.0,0,0.0,0,0.0,0,0.0,0,0.0
37.0,0,0.0,0.0,0,0.0,0,0.0,0,0.0,0,0.0,0,0.0,0,0.0,0,0.0,0,0.0,0,0.0,0,0.0
38.0,0,0.0,0.0,0,0.0,0,0.0,0,0.0,0,0.0,0,0.0,0,0.0,0,0.0,0,0.0,0,0.0,0,0.0
39.0,0,0.0,0.0,0,0.0,0,0.0,0,0.0,0,0.0,0,0.0,0,0.0,0,0.0,0,0.0,0,0.0,0,0.0
40.0,0,0.0,0.0,0,0.0,0,0.0,0,0.0,0,0.0,0,0.0,0,0.0,0,0.0,0,0.0,0,0.0,0,0.0
41.0,0,0.0,0.0,0,0.0,0,0.0,0,0.0,0,0.0,0,0.0,0,0.0,0,0.0,0,0.0,0,0.0,0,0.0
42.0,0,0.0,0.0,0,0.0,0,0.0,0,0.0,0,0.0,0,0.0,0,0.0,0,0.0,0,0.0,0,0.0,0,0.0
43.0,0,0.0,0.0,0,0.0,0,0.0,0,0.0,0,0.0,0,0.0,0,0.0,0,0.0,0,0.0,0,0.0,0,0.0
44.0,0,0.0,0.0,0,0.0,0,0.0,0,0.0,0,0.0,0,0.0,0,0.0,0,0.0,0,0.0,0,0.0,0,0.0
45.0,0,0.0,0.0,0,0.0,0,0.0,0,0.0,0,0.0,0,0.0,0,0.0,0,0.0,0,0.0,0,0.0,0,0.0
46.0,0,0.0,0.0,0,0.0,0,0.0,0,0.0,0,0.0,0,0.0,0,0.0,0,0.0,0,0.0,0,0.0,0,0.0
47.0,0,0.0,0.0,0,0.0,0,0.0,0,0.0,0,0.0,0,0.0,0,0.0,0,0.0,0,0.0,0,0.0,0,0.0
48.0,0,0.0,0.0,0,0.0,0,0.0,0,0.0,0,0.0,0,0.0,0,0.0,0,0.0,0,0.0,0,0.0,0,0.0
49.0,0,0.0,0.0,0,0.0,0,0.0,0,0.0,0,0.0,0,0.0,0,0.0,0,0.0,0,0.0,0,0.0,0,0.0
50.0,0,0.0,0.0,0,0.0,0,0.0,0,0.0,0,0.0,0,0.0,0,0.0,0,0.0,0,0.0,0,0.0,0,0.0
51.0,0,0.0,0.0,0,0.0,0,0.0,0,0.0,0,0.0,0,0.0,0,0.0,0,0.0,0,0.0,0,0.0,0,0.0
52.0,0,0.0,0.0,0,0.0,0,0.0,0,0.0,0,0.0,0,0.0,0,0.0,0,0.0,0,0.0,0,0.0,0,0.0
53.0,0,0.0,0.0,0,0.0,0,0.0,0,0.0,0,0.0,0,0.0,0,0.0,0,0.0,0,0.0,0,0.0,0,0.0
54.0,0,0.0,0.0,0,0.0,0,0.0,0,0.0,0,0.0,0,0.0,0,0.0,0,0.0,0,0.0,0,0.0,0,0.0
55.0,0,0.0,0.0,0,0.0,0,0.0,0,0.0,0,0.0,0,0.0,0,0.0,0,0.0,0,0.0,0,0.0,0,0.0
56.0,0,0.0,0.0,0,0.0,0,0.0,0,0.0,0,0.0,0,0.0,0,0.0,0,0.0,0,0.0,0,0.0,0,0.0
57.0,0,0.0,0.0,0,0.0,0,0.0,0,0.0,0,0.0,0,0.0,0,0.0,0,0.0,0,0.0,0,0.0,0,0.0
58.0,0,0.0,0.0,0,0.0,0,0.0,0,0.0,0,0.0,0,0.0,0,0.0,0,0.0,0,0.0,0,0.0,0,0.0
59.0,0,0.0,0.0,0,0.0,0,0.0,0,0.0,0,0.0,0,0.0,0,0.0,0,0.0,0,0.0,0,0.0,0,0.0
60.0,0,0.0,0.0,0,0.0,0,0.0,0,0.0,0,0.0,0,0.0,0,0.0,0,0.0,0,0.0,0,0.0,0,0.0
61.0,0,0.0,0.0,0,0.0,0,0.0,0,0.0,0,0.0,0,0.0,0,0.0,0,0.0,0,0.0,0,0.0,0,0.0
62.0,0,0.0,0.0,0,0.0,0,0.0,0,0.0,0,0.0,0,0.0,0,0.0,0,0.0,0,0.0,0,0.0,0,0.0
63.0,0,0.0,0.0,0,0.0,0,0.0,0,0.0,0,0.0,0,0.0,0,0.0,0,0.0,0,0.0,0,0.0,0,0.0
64.0,0,0.0,0.0,0,0.0,0,0.0,0,0.0,0,0.0,0,0.0,0,0.0,0,0.0,0,0.0,0,0.0,0,0.0
65.0,0,0.0,0.0,0,0.0,0,0.0,0,0.0,0,0.0,0,0.0,0,0.0,0,0.0,0,0.0,0,0.0,0,0.0
66.0,0,0.0,0.0,0,0.0,0,0.0,0,0.0,0,0.0,0,0.0,0,0.0,0,0.0,0,0.0,0,0.0,0,0.0
67.0,0,0.0,0.0,0,0.0,0,0.0,0,0.0,0,0.0,0,0.0,0,0.0,0,0.0,0,0.0,0,0.0,0,0.0
68.0,0,0.0,0.0,0,0.0,0,0.0,0,0.0,0,0.0,0,0.0,0,0.0,0,0.0,0,0.0,0,0.0,0,0.0
69.0,0,0.0,0.0,0,0.0,0,0.0,0,0.0,0,0.0,0,0.0,0,0.0,0,0.0,0,0.0,0,0.0,0,0.0
70.0,0,0.0,0.0,0,0.0,0,0.0,0,0.0,0,0.0,0,0.0,0,0.0,0,0.0,0,0.0,0,0.0,0,0.0
71.0,0,0.0,0.0,0,0.0,0,0.0,0,0.0,0,0.0,0,0.0,0,0.0,0,0.0,0,0.0,0,0.0,0,0.0
72.0,0,0.0,0.0,0,0.0,0,0.0,0,0.0,0,0.0,0,0.0,0,0.0,0,0.0,0,0.0,0,0.0,0,0.0
73.0,0,0.0,0.0,0,0.0,0,0.0,0,0.0,0,0.0,0,0.0,0,0.0,0,0.0,0,0.0,0,0.0,0,0.0
74.0,0,0.0,0.0,0,0.0,0,0.0,0,0.0,0,0.0,0,0.0,0,0.0,0,0.0,0,0.0,0,0.0,0,0.0
75.0,0,0.0,0.0,0,0.0,0,0.0,0,0.0,0,0.0,0,0.0,0,0.0,0,0.0,0,0.0,0,0.0,0,0.0
76.0,0,0.0,0.0,0,0.0,0,0.0,0,0.0,0,0.0,0,0.0,0,0.0,0,0.0,0,0.0,0,0.0,0,0.0
77.0,0,0.0,0.0,0,0.0,0,0.0,0,0.0,0,0.0,0,0.0,0,0.0,0,0.0,0,0.0,0,0.0,0,0.0
78.0,0,0.0,0.0,0,0.0,0,0.0,0,0.0,0,0.0,0,0.0,0,0.0,0,0.0,0,0.0,0,0.0,0,0.0
79.0,0,0.0,0.0,0,0.0,0,0.0,0,0.0,0,0.0,0,0.0,0,0.0,0,0.0,0,0.0,0,0.0,0,0.0
80.0,0,0.0,0.0,0,0.0,0,0.0,0,0.0,0,0.0,0,0.0,0,0.0,0,0.0,0,0.0,0,0.0,0,0.0
81.0,0,0.0,0.0,0,0.0,0,0.0,0,0.0,0,0.0,0,0.0,0,0.0,0,0.0,0,0.0,0,0.0,0,0.0
82.0,0,0.0,0.0,0,0.0,0,0.0,0,0.0,0,0.0,0,0.0,0,0.0,0,0.0,0,0.0,0,0.0,0,0.0
83.0,0,0.0,0.0,0,0.0,0,0.0,0,0.0,0,0.0,0,0.0,0,0.0,0,0.0,0,0.0,0,0.0,0,0.0
84.0,0,0.0,0.0,0,0.0,0,0.0,0,0.0,0,0.0,0,0.0,0,0.0,0,0.0,0,0.0,0,0.0,0,0.0
85.0,0,0.0,0.0,0,0.0,0,0.0,0,0.0,0,0.0,0,0.0,0,0.0,0,0.0,0,0.0,0,0.0,0,0.0
86.0,0,0.0,0.0,0,0.0,0,0.0,0,0.0,0,0.0,0,0.0,0,0.0,0,0.0,0,0.0,0,0.0,0,0.0
87.0,0,0.0,0.0,0,0.0,0,0.0,0,0.0,0,0.0,0,0.0,0,0.0,0,0.0,0,0.0,0,0.0,0,0.0
88.0,0,0.0,0.0,0,0.0,0,0.0,0,0.0,0,0.0,0,0.0,0,0.0,0,0.0,0,0.0,0,0.0,0,0.0
89.0,0,0.0,0.0,0,0.0,0,0.0,0,0.0,0,0.0,0,0.0,0,0.0,0,0.0,0,0.0,0,0.0,0,0.0
90.0,0,0.0,0.0,0,0.0,0,0.0,0,0.0,0,0.0,0,0.0,0,0.0,0,0.0,0,0.0,0,0.0,0,0.0
91.0,0,0.0,0.0,0,0.0,0,0.0,0,0.0,0,0.0,0,0.0,0,0.0,0,0.0,0,0.0,0,0.0,0,0.0
92.0,0,0.0,0.0,0,0.0,0,0.0,0,0.0,0,0.0,0,0.0,0,0.0,0,0.0,0,0.0,0,0.0,0,0.0
93.0,0,0.0,0.0,0,0.0,0,0.0,0,0.0,0,0.0,0,0.0,0,0.0,0,0.0,0,0.0,0,0.0,0,0.0
94.0,0,0.0,0.0,0,0.0,0,0.0,0,0.0,0,0.0,0,0.0,0,0.0,0,0.0,0,0.0,0,0.0,0,0.0
95.0,0,0.0,0.0,0,0.0,0,0.0,0,0.0,0,0.0,0,0.0,0,0.0,0,0.0,0,0.0,0,0.0,0,0.0
96.0,0,0.0,0.0,0,0.0,0,0.0,0,0.0,0,0.0,0,0.0,0,0.0,0,0.0,0,0.0,0,0.0,0,0.0
97.0,0,0.0,0.0,0,0.0,0,0.0,0,0.0,0,0.0,0,0.0,0,0.0,0,0.0,0,0.0,0,0.0,0,0.0
98.0,0,0.0,0.0,0,0.0,0,0.0,0,0.0,0,0.0,0,0.0,0,0.0,0,0.0,0,0.0,0,0.0,0,0.0
99.0,0,0.0,0.0,0,0.0,0,0.0,0,0.0,0,0.0,0,0.0,0,0.0,0,0.0,0,0.0,0,0.0,0,0.0
100.0,0,0.0,0.0,0,0.0,0,0.0,0,0.0,0,0.0,0,0.0,0,0.0,0,0.0,0,0.0,0,0.0,0,0.0
101.0,0,0.0,0.0,0,0.0,0,0.0,0,0.0,0,0.0,0,0.0,0,0.0,0,0.0,0,0.0,0,0.0,0,0.0
102.0,0,0.0,0.0,0,0.0,0,0.0,0,0.0,0,0.0,0,0.0,0,0.0,0,0.0,0,0.0,0,0.0,0,0.0
103.0,0,0.0,0.0,0,0.0,0,0.0,0,0.0,0,0.0,0,0.0,0,0.0,0,0.0,0,0.0,0,0.0,0,0.0
104.0,0,0.0,0.0,0,0.0,0,0.0,0,0.0,0,0.0,0,0.0,0,0.0,0,0.0,0,0.0,0,0.0,0,0.0
105.0,0,0.0,0.0,0,0.0,0,0.0,0,0.0,0,0.0,0,0.0,0,0.0,0,0.0,0,0.0,0,0.0,0,0.0
106.0,0,0.0,0.0,0,0.0,0,0.0,0,0.0,0,0.0,0,0.0,0,0.0,0,0.0,0,0.0,0,0.0,0,0.0
107.0,0,0.0,0.0,0,0.0,0,0.0,0,0.0,0,0.0,0,0.0,0,0.0,0,0.0,0,0.0,0,0.0,0,0.0
108.0,0,0.0,0.0,0,0.0,0,0.0,0,0.0,0,0.0,0,0.0,0,0.0,0,0.0,0,0.0,0,0.0,0,0.0
109.0,0,0.0,0.0,0,0.0,0,0.0,0,0.0,0,0.0,0,0.0,0,0.0,0,0.0,0,0.0,0,0.0,0,0.0
110.0,0,0.0,0.0,0,0.0,0,0.0,0,0.0,0,0.0,0,0.0,0,0.0,0,0.0,0,0.0,0,0.0,0,0.0
111.0,0,0.0,0.0,0,0.0,0,0.0,0,0.0,0,0.0,0,0.0,0,0.0,0,0.0,0,0.0,0,0.0,0,0.0
112.0,0,0.0,0.0,0,0.0,0,0.0,0,0.0,0,0.0,0,0.0,0,0.0,0,0.0,0,0.0,0,0.0,0,0.0
113.0,0,0.0,0.0,0,0.0,0,0.0,0,0.0,0,0.0,0,0.0,0,0.0,0,0.0,0,0.0,0,0.0,0,0.0
114.0,0,0.0,0.0,0,0.0,0,0.0,0,0.0,0,0.0,0,0.0,0,0.0,0,0.0,0,0.0,0,0.0,0,0.0
115.0,0,0.0,0.0,0,0.0,0,0.0,0,0.0,0,0.0,0,0.0,0,0.0,0,0.0,0,0.0,0,0.0,0,0.0
116.0,0,0.0,0.0,0,0.0,0,0.0,0,0.0,0,0.0,0,0.0,0,0.0,0,0.0,0,0.0,0,0.0,0,0.0
117.0,0,0.0,0.0,0,0.0,0,0.0,0,0.0,0,0.0,0,0.0,0,0.0,0,0.0,0,0.0,0,0.0,0,0.0
118.0,0,0.0,0.0,0,0.0,0,0.0,0,0.0,0,0.0,0,0.0,0,0.0,0,0.0,0,0.0,0,0.0,0,0.0
119.0,0,0.0,0.0,0,0.0,0,0.0,0,0.0,0,0.0,0,0.0,0,0.0,0,0.0,0,0.0,0,0.0,0,0.0
120.0,0,0.0,0.0,0,0.0,0,0.0,0,0.0,0,0.0,0,0.0,0,0.0,0,0.0,0,0.0,0,0.0,0,0.0
121.0,0,0.0,0.0,0,0.0,0,0.0,0,0.0,0,0.0,0,0.0,0,0.0,0,0.0,0,0.0,0,0.0,0,0.0
122.0,0,0.0,0.0,0,0.0,0,0.0,0,0.0,0,0.0,0,0.0,0,0.0,0,0.0,0,0.0,0,0.0,0,0.0
123.0,0,0.0,0.0,0,0.0,0,0.0,0,0.0,0,0.0,0,0.0,0,0.0,0,0.0,0,0.0,0,0.0,0,0.0
124.0,0,0.0,0.0,0,0.0,0,0.0,0,0.0,0,0.0,0,0.0,0,0.0,0,0.0,0,0.0,0,0.0,0,0.0
125.0,0,0.0,0.0,0,0.0,0,0.0,0,0.0,0,0.0,0,0.0,0,0.0,0,0.0,0,0.0,0,0.0,0,0.0
126.0,0,0.0,0.0,0,0.0,0,0.0,0,0.0,0,0.0,0,0.0,0,0.0,0,0.0,0,0.0,0,0.0,0,0.0
127.0,0,0.0,0.0,0,0.0,0,0.0,0,0.0,0,0.0,0,0.0,0,0.0,0,0.0,0,0.0,0,0.0,0,0.0
128.0,0,0.0,0.0,0,0.0,0,0.0,0,0.0,0,0.0,0,0.0,0,0.0,0,0.0,0,0.0,0,0.0,0,0.0
129.0,0,0.0,0.0,0,0.0,0,0.0,0,0.0,0,0.0,0,0.0,0,0.0,0,0.0,0,0.0,0,0.0,0,0.0
130.0,0,0.0,0.0,0,0.0,0,0.0,0,0.0,0,0.0,0,0.0,0,0.0,0,0.0,0,0.0,0,0.0,0,0.0
131.0,0,0.0,0.0,0,0.0,0,0.0,0,0.0,0,0.0,0,0.0,0,0.0,0,0.0,0,0.0,0,0.0,0,0.0
132.0,0,0.0,0.0,0,0.0,0,0.0,0,0.0,0,0.0,0,0.0,0,0.0,0,0.0,0,0.0,0,0.0,0,0.0
133.0,0,0.0,0.0,0,0.0,0,0.0,0,0.0,0,0.0,0,0.0,0,0.0,0,0.0,0,0.0,0,0.0,0,0.0
134.0,0,0.0,0.0,0,0.0,0,0.0,0,0.0,0,0.0,0,0.0,0,0.0,0,0.0,0,0.0,0,0.0,0,0.0
135.0,0,0.0,0.0,0,0.0,0,0.0,0,0.0,0,0.0,0,0.0,0,0.0,0,0.0,0,0.0,0,0.0,0,0.0
136.0,0,0.0,0.0,0,0.0,0,0.0,0,0.0,0,0.0,0,0.0,0,0.0,0,0.0,0,0.0,0,0.0,0,0.0
137.0,0,0.0,0.0,0,0.0,0,0.0,0,0.0,0,0.0,0,0.0,0,0.0,0,0.0,0,0.0,0,0.0,0,0.0
138.0,0,0.0,0.0,0,0.0,0,0.0,0,0.0,0,0.0,0,0.0,0,0.0,0,0.0,0,0.0,0,0.0,0,0.0
139.0,0,0.0,0.0,0,0.0,0,0.0,0,0.0,0,0.0,0,0.0,0,0.0,0,0.0,0,0.0,0,0.0,0,0.0
140.0,0,0.0,0.0,0,0.0,0,0.0,0,0.0,0,0.0,0,0.0,0,0.0,0,0.0,0,0.0,0,0.0,0,0.0
141.0,0,0.0,0.0,0,0.0,0,0.0,0,0.0,0,0.0,0,0.0,0,0.0,0,0.0,0,0.0,0,0.0,0,0.0
142.0,0,0.0,0.0,0,0.0,0,0.0,0,0.0,0,0.0,0,0.0,0,0.0,0,0.0,0,0.0,0,0.0,0,0.0
143.0,0,0.0,0.0,0,0.0,0,0.0,0,0.0,0,0.0,0,0.0,0,0.0,0,0.0,0,0.0,0,0.0,0,0.0
144.0,0,0.0,0.0,0,0.0,0,0.0,0,0.0,0,0.0,0,0.0,0,0.0,0,0.0,0,0.0,0,0.0,0,0.0
145.0,0,0.0,0.0,0,0.0,0,0.0,0,0.0,0,0.0,0,0.0,0,0.0,0,0.0,0,0.0,0,0.0,0,0.0
146.0,0,0.0,0.0,0,0.0,0,0.0,0,0.0,0,0.0,0,0.0,0,0.0,0,0.0,0,0.0,0,0.0,0,0.0
147.0,0,0.0,0.0,0,0.0,0,0.0,0,0.0,0,0.0,0,0.0,0,0.0,0,0.0,0,0.0,0,0.0,0,0.0
148.0,0,0.0,0.0,0,0.0,0,0.0,0,0.0,0,0.0,0,0.0,0,0.0,0,0.0,0,0.0,0,0.0,0,0.0
149.0,0,0.0,0.0,0,0.0,0,0.0,0,0.0,0,0.0,0,0.0,0,0.0,0,0.0,0,0.0,0,0.0,0,0.0
150.0,0,0.0,0.0,0,0.0,0,0.0,0,0.0,0,0.0,0,0.0,0,0.0,0,0.0,0,0.0,0,0.0,0,0.0
151.0,0,0.0,0.0,0,0.0,0,0.0,0,0.0,0,0.0,0,0.0,0,0.0,0,0.0,0,0.0,0,0.0,0,0.0
152.0,0,0.0,0.0,0,0.0,0,0.0,0,0.0,0,0.0,0,0.0,0,0.0,0,0.0,0,0.0,0,0.0,0,0.0
153.0,0,0.0,0.0,0,0.0,0,0.0,0,0.0,0,0.0,0,0.0,0,0.0,0,0.0,0,0.0,0,0.0,0,0.0
154.0,0,0.0,0.0,0,0.0,0,0.0,0,0.0,0,0.0,0,0.0,0,0.0,0,0.0,0,0.0,0,0.0,0,0.0
155.0,0,0.0,0.0,0,0.0,0,0.0,0,0.0,0,0.0,0,0.0,0,0.0,0,0.0,0,0.0,0,0.0,0,0.0
156.0,0,0.0,0.0,0,0.0,0,0.0,0,0.0,0,0.0,0,0.0,0,0.0,0,0.0,0,0.0,0,0.0,0,0.0
157.0,0,0.0,0.0,0,0.0,0,0.0,0,0.0,0,0.0,0,0.0,0,0.0,0,0.0,0,0.0,0,0.0,0,0.0
158.0,0,0.0,0.0,0,0.0,0,0.0,0,0.0,0,0.0,0,0.0,0,0.0,0,0.0,0,0.0,0,0.0,0,0.0
159.0,0,0.0,0.0,0,0.0,0,0.0,0,0.0,0,0.0,0,0.0,0,0.0,0,0.0,0,0.0,0,0.0,0,0.0
160.0,0,0.0,0.0,0,0.0,0,0.0,0,0.0,0,0.0,0,0.0,0,0.0,0,0.0,0,0.0,0,0.0,0,0.0
161.0,0,0.0,0.0,0,0.0,0,0.0,0,0.0,0,0.0,0,0.0,0,0.0,0,0.0,0,0.0,0,0.0,0,0.0
162.0,0,0.0,0.0,0,0.0,0,0.0,0,0.0,0,0.0,0,0.0,0,0.0,0,0.0,0,0.0,0,0.0,0,0.0
163.0,0,0.0,0.0,0,0.0,0,0.0,0,0.0,0,0.0,0,0.0,0,0.0,0,0.0,0,0.0,0,0.0,0,0.0
164.0,0,0.0,0.0,0,0.0,0,0.0,0,0.0,0,0.0,0,0.0,0,0.0,0,0.0,0,0.0,0,0.0,0,0.0
165.0,0,0.0,0.0,0,0.0,0,0.0,0,0.0,0,0.0,0,0.0,0,0.0,0,0.0,0,0.0,0,0.0,0,0.0
166.0,0,0.0,0.0,0,0.0,0,0.0,0,0.0,0,0.0,0,0.0,0,0.0,0,0.0,0,0.0,0,0.0,0,0.0
167.0,0,0.0,0.0,0,0.0,0,0.0,0,0.0,0,0.0,0,0.0,0,0.0,0,0.0,0,0.0,0,0.0,0,0.0
168.0,0,0.0,0.0,0,0.0,0,0.0,0,0.0,0,0.0,0,0.0,0,0.0,0,0.0,0,0.0,0,0.0,0,0.0
169.0,0,0.0,0.0,0,0.0,0,0.0,0,0.0,0,0.0,0,0.0,0,0.0,0,0.0,0,0.0,0,0.0,0,0.0
170.0,0,0.0,0.0,0,0.0,0,0.0,0,0.0,0,0.0,0,0.0,0,0.0,0,0.0,0,0.0,0,0.0,0,0.0
171.0,0,0.0,0.0,0,0.0,0,0.0,0,0.0,0,0.0,0,0.0,0,0.0,0,0.0,0,0.0,0,0.0,0,0.0
172.0,0,0.0,0.0,0,0.0,0,0.0,0,0.0,0,0.0,0,0.0,0,0.0,0,0.0,0,0.0,0,0.0,0,0.0
173.0,0,0.0,0.0,0,0.0,0,0.0,0,0.0,0,0.0,0,0.0,0,0.0,0,0.0,0,0.0,0,0.0,0,0.0
174.0,0,0.0,0.0,0,0.0,0,0.0,0,0.0,0,0.0,0,0.0,0,0.0,0,0.0,0,0.0,0,0.0,0,0.0
175.0,0,0.0,0.0,0,0.0,0,0.0,0,0.0,0,0.0,0,0.0,0,0.0,0,0.0,0,0.0,0,0.0,0,0.0
176.0,0,0.0,0.0,0,0.0,0,0.0,0,0.0,0,0.0,0,0.0,0,0.0,0,0.0,0,0.0,0,0.0,0,0.0
177.0,0,0.0,0.0,0,0.0,0,0.0,0,0.0,0,0.0,0,0.0,0,0.0,0,0.0,0,0.0,0,0.0,0,0.0
178.0,0,0.0,0.0,0,0.0,0,0.0,0,0.0,0,0.0,0,0.0,0,0.0,0,0.0,0,0.0,0,0.0,0,0.0
179.0,0,0.0,0.0,0,0.0,0,0.0,0,0.0,0,0.0,0,0.0,0,0.0,0,0.0,0,0.0,0,0.0,0,0.0
180.0,0,0.0,0.0,0,0.0,0,0.0,0,0.0,0,0.0,0,0.0,0,0.0,0,0.0,0,0.0,0,0.0,0,0.0
181.0,0,0.0,0.0,0,0.0,0,0.0,0,0.0,0,0.0,0,0.0,0,0.0,0,0.0,0,0.0,0,0.0,0,0.0
182.0,0,0.0,0.0,0,0.0,0,0.0,0,0.0,0,0.0,0,0.0,0,0.0,0,0.0,0,0.0,0,0.0,0,0.0
183.0,0,0.0,0.0,0,0.0,0,0.0,0,0.0,0,0.0,0,0.0,0,0.0,0,0.0,0,0.0,0,0.0,0,0.0
184.0,0,0.0,0.0,0,0.0,0,0.0,0,0.0,0,0.0,0,0.0,0,0.0,0,0.0,0,0.0,0,0.0,0,0.0
185.0,0,0.0,0.0,0,0.0,0,0.0,0,0.0,0,0.0,0,0.0,0,0.0,0,0.0,0,0.0,0,0.0,0,0.0
186.0,0,0.0,0.0,0,0.0,0,0.0,0,0.0,0,0.0,0,0.0,0,0.0,0,0.0,0,0.0,0,0.0,0,0.0
187.0,0,0.0,0.0,0,0.0,0,0.0,0,0.0,0,0.0,0,0.0,0,0.0,0,0.0,0,0.0,0,0.0,0,0.0
188.0,0,0.0,0.0,0,0.0,0,0.0,0,0.0,0,0.0,0,0.0,0,0.0,0,0.0,0,0.0,0,0.0,0,0.0
189.0,0,0.0,0.0,0,0.0,0,0.0,0,0.0,0,0.0,0,0.0,0,0.0,0,0.0,0,0.0,0,0.0,0,0.0
190.0,0,0.0,0.0,0,0.0,0,0.0,0,0.0,0,0.0,0,0.0,0,0.0,0,0.0,0,0.0,0,0.0,0,0.0
191.0,0,0.0,0.0,0,0.0,0,0.0,0,0.0,0,0.0,0,0.0,0,0.0,0,0.0,0,0.0,0,0.0,0,0.0
192.0,0,0.0,0.0,0,0.0,0,0.0,0,0.0,0,0.0,0,0.0,0,0.0,0,0.0,0,0.0,0,0.0,0,0.0
193.0,1,20.0,0.02,0,0.0,0,0.0,0,0.0,0,0.0,0,0.0,0,0.0,1,20.0,0,0.0,0,0.0,0,0.0
194.0,1,20.0,0.02,0,0.0,0,0.0,0,0.0,0,0.0,0,0.0,0,0.0,1,20.0,0,0.0,0,0.0,0,0.0
195.0,1,20.0,0.02,0,0.0,0,0.0,0,0.0,0,0.0,0,0.0,0,0.0,1,20.0,0,0.0,0,0.0,0,0.0
196.0,1,20.0,0.02,0,0.0,0,0.0,0,0.0,0,0.0,0,0.0,0,0.0,1,20.0,0,0.0,0,0.0,0,0.0
197.0,1,20.0,0.02,0,0.0,0,0.0,0,0.0,0,0.0,0,0.0,0,0.0,1,20.0,0,0.0,0,0.0,0,0.0
198.0,1,20.0,0.02,0,0.0,0,0.0,0,0.0,0,0.0,0,0.0,0,0.0,1,20.0,0,0.0,0,0.0,0,0.0
199.0,2,40.0,0.04,0,0.0,1,20.0,0,0.0,0,0.0,0,0.0,0,0.0,1,20.0,0,0.0,0,0.0,0,0.0
200.0,2,40.0,0.04,0,0.0,1,20.0,0,0.0,0,0.0,0,0.0,0,0.0,1,20.0,0,0.0,0,0.0,0,0.0
201.0,2,40.0,0.04,0,0.0,1,20.0,0,0.0,0,0.0,0,0.0,0,0.0,1,20.0,0,0.0,0,0.0,0,0.0
202.0,2,40.0,0.04,0,0.0,1,20.0,0,0.0,0,0.0,0,0.0,0,0.0,1,20.0,0,0.0,0,0.0,0,0.0
203.0,2,40.0,0.04,0,0.0,1,20.0,0,0.0,0,0.0,0,0.0,0,0.0,1,20.0,0,0.0,0,0.0,0,0.0
204.0,2,40.0,0.04,0,0.0,1,20.0,0,0.0,0,0.0,0,0.0,0,0.0,1,20.0,0,0.0,0,0.0,0,0.0
205.0,2,40.0,0.04,0,0.0,1,20.0,0,0.0,0,0.0,0,0.0,0,0.0,1,20.0,0,0.0,0,0.0,0,0.0
206.0,3,60.0,0.06,0,0.0,2,40.0,0,0.0,0,0.0,0,0.0,0,0.0,1,20.0,0,0.0,0,0.0,0,0.0
207.0,3,60.0,0.06,0,0.0,2,40.0,0,0.0,0,0.0,0,0.0,0,0.0,1,20.0,0,0.0,0,0.0,0,0.0
208.0,3,60.0,0.06,0,0.0,2,40.0,0,0.0,0,0.0,0,0.0,0,0.0,1,20.0,0,0.0,0,0.0,0,0.0
209.0,3,60.0,0.06,0,0.0,2,40.0,0,0.0,0,0.0,0,0.0,0,0.0,1,20.0,0,0.0,0,0.0,0,0.0
210.0,3,60.0,0.06,0,0.0,2,40.0,0,0.0,0,0.0,0,0.0,0,0.0,1,20.0,0,0.0,0,0.0,0,0.0
211.0,3,60.0,0.06,0,0.0,2,40.0,0,0.0,0,0.0,0,0.0,0,0.0,1,20.0,0,0.0,0,0.0,0,0.0
212.0,3,60.0,0.06,0,0.0,2,40.0,0,0.0,0,0.0,0,0.0,0,0.0,1,20.0,0,0.0,0,0.0,0,0.0
213.0,3,60.0,0.06,0,0.0,2,40.0,0,0.0,0,0.0,0,0.0,0,0.0,1,20.0,0,0.0,0,0.0,0,0.0
214.0,3,60.0,0.06,0,0.0,2,40.0,0,0.0,0,0.0,0,0.0,0,0.0,1,20.0,0,0.0,0,0.0,0,0.0
215.0,3,60.0,0.06,0,0.0,2,40.0,0,0.0,0,0.0,0,0.0,0,0.0,1,20.0,0,0.0,0,0.0,0,0.0
216.0,3,60.0,0.06,0,0.0,2,40.0,0,0.0,0,0.0,0,0.0,0,0.0,1,20.0,0,0.0,0,0.0,0,0.0
217.0,3,60.0,0.06,0,0.0,2,40.0,0,0.0,0,0.0,0,0.0,0,0.0,1,20.0,0,0.0,0,0.0,0,0.0
218.0,3,60.0,0.06,0,0.0,2,40.0,0,0.0,0,0.0,0,0.0,0,0.0,1,20.0,0,0.0,0,0.0,0,0.0
219.0,4,80.0,0.08,0,0.0,2,40.0,0,0.0,0,0.0,0,0.0,0,0.0,2,40.0,0,0.0,0,0.0,0,0.0
220.0,4,80.0,0.08,0,0.0,2,40.0,0,0.0,0,0.0,0,0.0,0,0.0,2,40.0,0,0.0,0,0.0,0,0.0
221.0,4,80.0,0.08,0,0.0,2,40.0,0,0.0,0,0.0,0,0.0,0,0.0,2,40.0,0,0.0,0,0.0,0,0.0
222.0,4,80.0,0.08,0,0.0,2,40.0,0,0.0,0,0.0,0,0.0,0,0.0,2,40.0,0,0.0,0,0.0,0,0.0
223.0,4,80.0,0.08,0,0.0,2,40.0,0,0.0,0,0.0,0,0.0,0,0.0,2,40.0,0,0.0,0,0.0,0,0.0
224.0,4,80.0,0.08,0,0.0,2,40.0,0,0.0,0,0.0,0,0.0,0,0.0,2,40.0,0,0.0,0,0.0,0,0.0
225.0,5,100.0,0.1,0,0.0,2,40.0,0,0.0,0,0.0,0,0.0,0,0.0,3,60.0,0,0.0,0,0.0,0,0.0
226.0,5,100.0,0.1,0,0.0,2,40.0,0,0.0,0,0.0,0,0.0,0,0.0,3,60.0,0,0.0,0,0.0,0,0.0
227.0,5,100.0,0.1,0,0.0,2,40.0,0,0.0,0,0.0,0,0.0,0,0.0,3,60.0,0,0.0,0,0.0,0,0.0
228.0,5,100.0,0.1,0,0.0,2,40.0,0,0.0,0,0.0,0,0.0,0,0.0,3,60.0,0,0.0,0,0.0,0,0.0
229.0,5,100.0,0.1,0,0.0,2,40.0,0,0.0,0,0.0,0,0.0,0,0.0,3,60.0,0,0.0,0,0.0,0,0.0
230.0,5,100.0,0.1,0,0.0,2,40.0,0,0.0,0,0.0,0,0.0,0,0.0,3,60.0,0,0.0,0,0.0,0,0.0
231.0,5,100.0,0.1,0,0.0,2,40.0,0,0.0,0,0.0,0,0.0,0,0.0,3,60.0,0,0.0,0,0.0,0,0.0
232.0,5,100.0,0.1,0,0.0,2,40.0,0,0.0,0,0.0,0,0.0,0,0.0,3,60.0,0,0.0,0,0.0,0,0.0
233.0,5,100.0,0.1,0,0.0,2,40.0,0,0.0,0,0.0,0,0.0,0,0.0,3,60.0,0,0.0,0,0.0,0,0.0
234.0,5,100.0,0.1,0,0.0,2,40.0,0,0.0,0,0.0,0,0.0,0,0.0,3,60.0,0,0.0,0,0.0,0,0.0
235.0,5,100.0,0.1,0,0.0,2,40.0,0,0.0,0,0.0,0,0.0,0,0.0,3,60.0,0,0.0,0,0.0,0,0.0
236.0,5,100.0,0.1,0,0.0,2,40.0,0,0.0,0,0.0,0,0.0,0,0.0,3,60.0,0,0.0,0,0.0,0,0.0
237.0,5,100.0,0.1,0,0.0,2,40.0,0,0.0,0,0.0,0,0.0,0,0.0,3,60.0,0,0.0,0,0.0,0,0.0
238.0,5,100.0,0.1,0,0.0,2,40.0,0,0.0,0,0.0,0,0.0,0,0.0,3,60.0,0,0.0,0,0.0,0,0.0
239.0,5,100.0,0.1,0,0.0,2,40.0,0,0.0,0,0.0,0,0.0,0,0.0,3,60.0,0,0.0,0,0.0,0,0.0
240.0,5,100.0,0.1,0,0.0,2,40.0,0,0.0,0,0.0,0,0.0,0,0.0,3,60.0,0,0.0,0,0.0,0,0.0
241.0,5,100.0,0.1,0,0.0,2,40.0,0,0.0,0,0.0,0,0.0,0,0.0,3,60.0,0,0.0,0,0.0,0,0.0
242.0,5,100.0,0.1,0,0.0,2,40.0,0,0.0,0,0.0,0,0.0,0,0.0,3,60.0,0,0.0,0,0.0,0,0.0
243.0,5,100.0,0.1,0,0.0,2,40.0,0,0.0,0,0.0,0,0.0,0,0.0,3,60.0,0,0.0,0,0.0,0,0.0
244.0,5,100.0,0.1,0,0.0,2,40.0,0,0.0,0,0.0,0,0.0,0,0.0,3,60.0,0,0.0,0,0.0,0,0.0
245.0,5,100.0,0.1,0,0.0,2,40.0,0,0.0,0,0.0,0,0.0,0,0.0,3,60.0,0,0.0,0,0.0,0,0.0
246.0,5,100.0,0.1,0,0.0,2,40.0,0,0.0,0,0.0,0,0.0,0,0.0,3,60.0,0,0.0,0,0.0,0,0.0
247.0,5,100.0,0.1,0,0.0,2,40.0,0,0.0,0,0.0,0,0.0,0,0.0,3,60.0,0,0.0,0,0.0,0,0.0
248.0,5,100.0,0.1,0,0.0,2,40.0,0,0.0,0,0.0,0,0.0,0,0.0,3,60.0,0,0.0,0,0.0,0,0.0
249.0,5,100.0,0.1,0,0.0,2,40.0,0,0.0,0,0.0,0,0.0,0,0.0,3,60.0,0,0.0,0,0.0,0,0.0
250.0,5,100.0,0.1,0,0.0,2,40.0,0,0.0,0,0.0,0,0.0,0,0.0,3,60.0,0,0.0,0,0.0,0,0.0
251.0,5,100.0,0.1,0,0.0,2,40.0,0,0.0,0,0.0,0,0.0,0,0.0,3,60.0,0,0.0,0,0.0,0,0.0
252.0,5,100.0,0.1,0,0.0,2,40.0,0,0.0,0,0.0,0,0.0,0,0.0,3,60.0,0,0.0,0,0.0,0,0.0
253.0,6,120.0,0.12,0,0.0,3,60.0,0,0.0,0,0.0,0,0.0,0,0.0,3,60.0,0,0.0,0,0.0,0,0.0
254.0,6,120.0,0.12,0,0.0,3,60.0,0,0.0,0,0.0,0,0.0,0,0.0,3,60.0,0,0.0,0,0.0,0,0.0
255.0,6,120.0,0.12,0,0.0,3,60.0,0,0.0,0,0.0,0,0.0,0,0.0,3,60.0,0,0.0,0,0.0,0,0.0
256.0,6,120.0,0.12,0,0.0,3,60.0,0,0.0,0,0.0,0,0.0,0,0.0,3,60.0,0,0.0,0,0.0,0,0.0
257.0,6,120.0,0.12,0,0.0,3,60.0,0,0.0,0,0.0,0,0.0,0,0.0,3,60.0,0,0.0,0,0.0,0,0.0
258.0,6,120.0,0.12,0,0.0,3,60.0,0,0.0,0,0.0,0,0.0,0,0.0,3,60.0,0,0.0,0,0.0,0,0.0
259.0,7,145.0,0.145,0,0.0,3,60.0,0,0.0,0,0.0,1,25.0,0,0.0,3,60.0,0,0.0,0,0.0,0,0.0
260.0,7,145.0,0.145,0,0.0,3,60.0,0,0.0,0,0.0,1,25.0,0,0.0,3,60.0,0,0.0,0,0.0,0,0.0
261.0,7,145.0,0.145,0,0.0,3,60.0,0,0.0,0,0.0,1,25.0,0,0.0,3,60.0,0,0.0,0,0.0,0,0.0
262.0,7,145.0,0.145,0,0.0,3,60.0,0,0.0,0,0.0,1,25.0,0,0.0,3,60.0,0,0.0,0,0.0,0,0.0
263.0,8,165.0,0.165,0,0.0,4,80.0,0,0.0,0,0.0,1,25.0,0,0.0,3,60.0,0,0.0,0,0.0,0,0.0
264.0,8,165.0,0.165,0,0.0,4,80.0,0,0.0,0,0.0,1,25.0,0,0.0,3,60.0,0,0.0,0,0.0,0,0.0
265.0,8,165.0,0.165,0,0.0,4,80.0,0,0.0,0,0.0,1,25.0,0,0.0,3,60.0,0,0.0,0,0.0,0,0.0
266.0,8,165.0,0.165,0,0.0,4,80.0,0,0.0,0,0.0,1,25.0,0,0.0,3,60.0,0,0.0,0,0.0,0,0.0
267.0,8,165.0,0.165,0,0.0,4,80.0,0,0.0,0,0.0,1,25.0,0,0.0,3,60.0,0,0.0,0,0.0,0,0.0
268.0,8,165.0,0.165,0,0.0,4,80.0,0,0.0,0,0.0,1,25.0,0,0.0,3,60.0,0,0.0,0,0.0,0,0.0
269.0,8,165.0,0.165,0,0.0,4,80.0,0,0.0,0,0.0,1,25.0,0,0.0,3,60.0,0,0.0,0,0.0,0,0.0
270.0,8,165.0,0.165,0,0.0,4,80.0,0,0.0,0,0.0,1,25.0,0,0.0,3,60.0,0,0.0,0,0.0,0,0.0
271.0,9,190.0,0.19,0,0.0,4,80.0,0,0.0,0,0.0,1,25.0,0,0.0,3,60.0,1,25.0,0,0.0,0,0.0
272.0,9,190.0,0.19,0,0.0,4,80.0,0,0.0,0,0.0,1,25.0,0,0.0,3,60.0,1,25.0,0,0.0,0,0.0
273.0,9,190.0,0.19,0,0.0,4,80.0,0,0.0,0,0.0,1,25.0,0,0.0,3,60.0,1,25.0,0,0.0,0,0.0
274.0,9,190.0,0.19,0,0.0,4,80.0,0,0.0,0,0.0,1,25.0,0,0.0,3,60.0,1,25.0,0,0.0,0,0.0
275.0,9,190.0,0.19,0,0.0,4,80.0,0,0.0,0,0.0,1,25.0,0,0.0,3,60.0,1,25.0,0,0.0,0,0.0
276.0,10,215.0,0.215,0,0.0,4,80.0,0,0.0,0,0.0,2,50.0,0,0.0,3,60.0,1,25.0,0,0.0,0,0.0
277.0,10,215.0,0.215,0,0.0,4,80.0,0,0.0,0,0.0,2,50.0,0,0.0,3,60.0,1,25.0,0,0.0,0,0.0
278.0,10,215.0,0.215,0,0.0,4,80.0,0,0.0,0,0.0,2,50.0,0,0.0,3,60.0,1,25.0,0,0.0,0,0.0
279.0,10,215.0,0.215,0,0.0,4,80.0,0,0.0,0,0.0,2,50.0,0,0.0,3,60.0,1,25.0,0,0.0,0,0.0
280.0,10,215.0,0.215,0,0.0,4,80.0,0,0.0,0,0.0,2,50.0,0,0.0,3,60.0,1,25.0,0,0.0,0,0.0
281.0,10,215.0,0.215,0,0.0,4,80.0,0,0.0,0,0.0,2,50.0,0,0.0,3,60.0,1,25.0,0,0.0,0,0.0
282.0,10,215.0,0.215,0,0.0,4,80.0,0,0.0,0,0.0,2,50.0,0,0.0,3,60.0,1,25.0,0,0.0,0,0.0
283.0,10,215.0,0.215,0,0.0,4,80.0,0,0.0,0,0.0,2,50.0,0,0.0,3,60.0,1,25.0,0,0.0,0,0.0
284.0,11,240.0,0.24,0,0.0,4,80.0,0,0.0,0,0.0,2,50.0,0,0.0,3,60.0,2,50.0,0,0.0,0,0.0
285.0,11,240.0,0.24,0,0.0,4,80.0,0,0.0,0,0.0,2,50.0,0,0.0,3,60.0,2,50.0,0,0.0,0,0.0
286.0,11,240.0,0.24,0,0.0,4,80.0,0,0.0,0,0.0,2,50.0,0,0.0,3,60.0,2,50.0,0,0.0,0,0.0
287.0,11,240.0,0.24,0,0.0,4,80.0,0,0.0,0,0.0,2,50.0,0,0.0,3,60.0,2,50.0,0,0.0,0,0.0
288.0,11,240.0,0.24,0,0.0,4,80.0,0,0.0,0,0.0,2,50.0,0,0.0,3,60.0,2,50.0,0,0.0,0,0.0
289.0,11,240.0,0.24,0,0.0,4,80.0,0,0.0,0,0.0,2,50.0,0,0.0,3,60.0,2,50.0,0,0.0,0,0.0
290.0,11,240.0,0.24,0,0.0,4,80.0,0,0.0,0,0.0,2,50.0,0,0.0,3,60.0,2,50.0,0,0.0,0,0.0
291.0,11,240.0,0.24,0,0.0,4,80.0,0,0.0,0,0.0,2,50.0,0,0.0,3,60.0,2,50.0,0,0.0,0,0.0
292.0,11,240.0,0.24,0,0.0,4,80.0,0,0.0,0,0.0,2,50.0,0,0.0,3,60.0,2,50.0,0,0.0,0,0.0
293.0,11,240.0,0.24,0,0.0,4,80.0,0,0.0,0,0.0,2,50.0,0,0.0,3,60.0,2,50.0,0,0.0,0,0.0
294.0,11,240.0,0.24,0,0.0,4,80.0,0,0.0,0,0.0,2,50.0,0,0.0,3,60.0,2,50.0,0,0.0,0,0.0
295.0,11,240.0,0.24,0,0.0,4,80.0,0,0.0,0,0.0,2,50.0,0,0.0,3,60.0,2,50.0,0,0.0,0,0.0
296.0,11,240.0,0.24,0,0.0,4,80.0,0,0.0,0,0.0,2,50.0,0,0.0,3,60.0,2,50.0,0,0.0,0,0.0
297.0,11,240.0,0.24,0,0.0,4,80.0,0,0.0,0,0.0,2,50.0,0,0.0,3,60.0,2,50.0,0,0.0,0,0.0
298.0,12,260.0,0.26,0,0.0,4,80.0,0,0.0,0,0.0,2,50.0,1,20.0,3,60.0,2,50.0,0,0.0,0,0.0
299.0,12,260.0,0.26,0,0.0,4,80.0,0,0.0,0,0.0,2,50.0,1,20.0,3,60.0,2,50.0,0,0.0,0,0.0
300.0,12,260.0,0.26,0,0.0,4,80.0,0,0.0,0,0.0,2,50.0,1,20.0,3,60.0,2,50.0,0,0.0,0,0.0
301.0,12,260.0,0.26,0,0.0,4,80.0,0,0.0,0,0.0,2,50.0,1,20.0,3,60.0,2,50.0,0,0.0,0,0.0
302.0,12,260.0,0.26,0,0.0,4,80.0,0,0.0,0,0.0,2,50.0,1,20.0,3,60.0,2,50.0,0,0.0,0,0.0
303.0,12,260.0,0.26,0,0.0,4,80.0,0,0.0,0,0.0,2,50.0,1,20.0,3,60.0,2,50.0,0,0.0,0,0.0
304.0,12,260.0,0.26,0,0.0,4,80.0,0,0.0,0,0.0,2,50.0,1,20.0,3,60.0,2,50.0,0,0.0,0,0.0
305.0,12,260.0,0.26,0,0.0,4,80.0,0,0.0,0,0.0,2,50.0,1,20.0,3,60.0,2,50.0,0,0.0,0,0.0
306.0,12,260.0,0.26,0,0.0,4,80.0,0,0.0,0,0.0,2,50.0,1,20.0,3,60.0,2,50.0,0,0.0,0,0.0
307.0,12,260.0,0.26,0,0.0,4,80.0,0,0.0,0,0.0,2,50.0,1,20.0,3,60.0,2,50.0,0,0.0,0,0.0
308.0,12,260.0,0.26,0,0.0,4,80.0,0,0.0,0,0.0,2,50.0,1,20.0,3,60.0,2,50.0,0,0.0,0,0.0
309.0,12,260.0,0.26,0,0.0,4,80.0,0,0.0,0,0.0,2,50.0,1,20.0,3,60.0,2,50.0,0,0.0,0,0.0
310.0,13,280.0,0.28,0,0.0,4,80.0,0,0.0,0,0.0,2,50.0,1,20.0,4,80.0,2,50.0,0,0.0,0,0.0
311.0,13,280.0,0.28,0,0.0,4,80.0,0,0.0,0,0.0,2,50.0,1,20.0,4,80.0,2,50.0,0,0.0,0,0.0
312.0,14,300.0,0.3,0,0.0,4,80.0,0,0.0,0,0.0,2,50.0,2,40.0,4,80.0,2,50.0,0,0.0,0,0.0
313.0,14,300.0,0.3,0,0.0,4,80.0,0,0.0,0,0.0,2,50.0,2,40.0,4,80.0,2,50.0,0,0.0,0,0.0
314.0,14,300.0,0.3,0,0.0,4,80.0,0,0.0,0,0.0,2,50.0,2,40.0,4,80.0,2,50.0,0,0.0,0,0.0
315.0,14,300.0,0.3,0,0.0,4,80.0,0,0.0,0,0.0,2,50.0,2,40.0,4,80.0,2,50.0,0,0.0,0,0.0
316.0,14,300.0,0.3,0,0.0,4,80.0,0,0.0,0,0.0,2,50.0,2,40.0,4,80.0,2,50.0,0,0.0,0,0.0
317.0,14,300.0,0.3,0,0.0,4,80.0,0,0.0,0,0.0,2,50.0,2,40.0,4,80.0,2,50.0,0,0.0,0,0.0
318.0,14,300.0,0.3,0,0.0,4,80.0,0,0.0,0,0.0,2,50.0,2,40.0,4,80.0,2,50.0,0,0.0,0,0.0
319.0,15,320.0,0.32,0,0.0,4,80.0,0,0.0,0,0.0,2,50.0,3,60.0,4,80.0,2,50.0,0,0.0,0,0.0
320.0,16,345.0,0.345,0,0.0,4,80.0,0,0.0,0,0.0,3,75.0,3,60.0,4,80.0,2,50.0,0,0.0,0,0.0
321.0,16,345.0,0.345,0,0.0,4,80.0,0,0.0,0,0.0,3,75.0,3,60.0,4,80.0,2,50.0,0,0.0,0,0.0
322.0,16,345.0,0.345,0,0.0,4,80.0,0,0.0,0,0.0,3,75.0,3,60.0,4,80.0,2,50.0,0,0.0,0,0.0
323.0,16,345.0,0.345,0,0.0,4,80.0,0,0.0,0,0.0,3,75.0,3,60.0,4,80.0,2,50.0,0,0.0,0,0.0
324.0,16,345.0,0.345,0,0.0,4,80.0,0,0.0,0,0.0,3,75.0,3,60.0,4,80.0,2,50.0,0,0.0,0,0.0
325.0,16,345.0,0.345,0,0.0,4,80.0,0,0.0,0,0.0,3,75.0,3,60.0,4,80.0,2,50.0,0,0.0,0,0.0
326.0,16,345.0,0.345,0,0.0,4,80.0,0,0.0,0,0.0,3,75.0,3,60.0,4,80.0,2,50.0,0,0.0,0,0.0
327.0,17,370.0,0.37,0,0.0,4,80.0,0,0.0,0,0.0,3,75.0,3,60.0,4,80.0,2,50.0,0,0.0,1,25.0
328.0,17,370.0,0.37,0,0.0,4,80.0,0,0.0,0,0.0,3,75.0,3,60.0,4,80.0,2,50.0,0,0.0,1,25.0
329.0,17,370.0,0.37,0,0.0,4,80.0,0,0.0,0,0.0,3,75.0,3,60.0,4,80.0,2,50.0,0,0.0,1,25.0
330.0,17,370.0,0.37,0,0.0,4,80.0,0,0.0,0,0.0,3,75.0,3,60.0,4,80.0,2,50.0,0,0.0,1,25.0
331.0,17,370.0,0.37,0,0.0,4,80.0,0,0.0,0,0.0,3,75.0,3,60.0,4,80.0,2,50.0,0,0.0,1,25.0
332.0,18,395.0,0.395,0,0.0,4,80.0,0,0.0,0,0.0,4,100.0,3,60.0,4,80.0,2,50.0,0,0.0,1,25.0
333.0,18,395.0,0.395,0,0.0,4,80.0,0,0.0,0,0.0,4,100.0,3,60.0,4,80.0,2,50.0,0,0.0,1,25.0
334.0,18,395.0,0.395,0,0.0,4,80.0,0,0.0,0,0.0,4,100.0,3,60.0,4,80.0,2,50.0,0,0.0,1,25.0
335.0,18,395.0,0.395,0,0.0,4,80.0,0,0.0,0,0.0,4,100.0,3,60.0,4,80.0,2,50.0,0,0.0,1,25.0
336.0,18,395.0,0.395,0,0.0,4,80.0,0,0.0,0,0.0,4,100.0,3,60.0,4,80.0,2,50.0,0,0.0,1,25.0
337.0,18,395.0,0.395,0,0.0,4,80.0,0,0.0,0,0.0,4,100.0,3,60.0,4,80.0,2,50.0,0,0.0,1,25.0
338.0,18,395.0,0.395,0,0.0,4,80.0,0,0.0,0,0.0,4,100.0,3,60.0,4,80.0,2,50.0,0,0.0,1,25.0
339.0,18,395.0,0.395,0,0.0,4,80.0,0,0.0,0,0.0,4,100.0,3,60.0,4,80.0,2,50.0,0,0.0,1,25.0
340.0,18,395.0,0.395,0,0.0,4,80.0,0,0.0,0,0.0,4,100.0,3,60.0,4,80.0,2,50.0,0,0.0,1,25.0
341.0,18,395.0,0.395,0,0.0,4,80.0,0,0.0,0,0.0,4,100.0,3,60.0,4,80.0,2,50.0,0,0.0,1,25.0
342.0,19,415.0,0.415,0,0.0,4,80.0,0,0.0,0,0.0,4,100.0,4,80.0,4,80.0,2,50.0,0,0.0,1,25.0
343.0,19,415.0,0.415,0,0.0,4,80.0,0,0.0,0,0.0,4,100.0,4,80.0,4,80.0,2,50.0,0,0.0,1,25.0
344.0,19,415.0,0.415,0,0.0,4,80.0,0,0.0,0,0.0,4,100.0,4,80.0,4,80.0,2,50.0,0,0.0,1,25.0
345.0,19,415.0,0.415,0,0.0,4,80.0,0,0.0,0,0.0,4,100.0,4,80.0,4,80.0,2,50.0,0,0.0,1,25.0
346.0,19,415.0,0.415,0,0.0,4,80.0,0,0.0,0,0.0,4,100.0,4,80.0,4,80.0,2,50.0,0,0.0,1,25.0
347.0,19,415.0,0.415,0,0.0,4,80.0,0,0.0,0,0.0,4,100.0,4,80.0,4,80.0,2,50.0,0,0.0,1,25.0
348.0,19,415.0,0.415,0,0.0,4,80.0,0,0.0,0,0.0,4,100.0,4,80.0,4,80.0,2,50.0,0,0.0,1,25.0
349.0,19,415.0,0.415,0,0.0,4,80.0,0,0.0,0,0.0,4,100.0,4,80.0,4,80.0,2,50.0,0,0.0,1,25.0
350.0,20,440.0,0.44,0,0.0,4,80.0,1,25.0,0,0.0,4,100.0,4,80.0,4,80.0,2,50.0,0,0.0,1,25.0
351.0,20,440.0,0.44,0,0.0,4,80.0,1,25.0,0,0.0,4,100.0,4,80.0,4,80.0,2,50.0,0,0.0,1,25.0
352.0,21,465.0,0.465,0,0.0,4,80.0,1,25.0,0,0.0,4,100.0,4,80.0,4,80.0,2,50.0,0,0.0,2,50.0
353.0,21,465.0,0.465,0,0.0,4,80.0,1,25.0,0,0.0,4,100.0,4,80.0,4,80.0,2,50.0,0,0.0,2,50.0
354.0,21,465.0,0.465,0,0.0,4,80.0,1,25.0,0,0.0,4,100.0,4,80.0,4,80.0,2,50.0,0,0.0,2,50.0
355.0,21,465.0,0.465,0,0.0,4,80.0,1,25.0,0,0.0,4,100.0,4,80.0,4,80.0,2,50.0,0,0.0,2,50.0
356.0,21,465.0,0.465,0,0.0,4,80.0,1,25.0,0,0.0,4,100.0,4,80.0,4,80.0,2,50.0,0,0.0,2,50.0
357.0,21,465.0,0.465,0,0.0,4,80.0,1,25.0,0,0.0,4,100.0,4,80.0,4,80.0,2,50.0,0,0.0,2,50.0
358.0,21,465.0,0.465,0,0.0,4,80.0,1,25.0,0,0.0,4,100.0,4,80.0,4,80.0,2,50.0,0,0.0,2,50.0
359.0,21,465.0,0.465,0,0.0,4,80.0,1,25.0,0,0.0,4,100.0,4,80.0,4,80.0,2,50.0,0,0.0,2,50.0
360.0,21,465.0,0.465,0,0.0,4,80.0,1,25.0,0,0.0,4,100.0,4,80.0,4,80.0,2,50.0,0,0.0,2,50.0
361.0,21,465.0,0.465,0,0.0,4,80.0,1,25.0,0,0.0,4,100.0,4,80.0,4,80.0,2,50.0,0,0.0,2,50.0
362.0,22,490.0,0.49,0,0.0,4,80.0,1,25.0,0,0.0,4,100.0,4,80.0,4,80.0,3,75.0,0,0.0,2,50.0
363.0,22,490.0,0.49,0,0.0,4,80.0,1,25.0,0,0.0,4,100.0,4,80.0,4,80.0,3,75.0,0,0.0,2,50.0
364.0,22,490.0,0.49,0,0.0,4,80.0,1,25.0,0,0.0,4,100.0,4,80.0,4,80.0,3,75.0,0,0.0,2,50.0
365.0,22,490.0,0.49,0,0.0,4,80.0,1,25.0,0,0.0,4,100.0,4,80.0,4,80.0,3,75.0,0,0.0,2,50.0
366.0,22,490.0,0.49,0,0.0,4,80.0,1,25.0,0,0.0,4,100.0,4,80.0,4,80.0,3,75.0,0,0.0,2,50.0
367.0,22,490.0,0.49,0,0.0,4,80.0,1,25.0,0,0.0,4,100.0,4,80.0,4,80.0,3,75.0,0,0.0,2,50.0
368.0,23,515.0,0.515,0,0.0,4,80.0,1,25.0,0,0.0,4,100.0,4,80.0,4,80.0,3,75.0,0,0.0,3,75.0
369.0,23,515.0,0.515,0,0.0,4,80.0,1,25.0,0,0.0,4,100.0,4,80.0,4,80.0,3,75.0,0,0.0,3,75.0
370.0,23,515.0,0.515,0,0.0,4,80.0,1,25.0,0,0.0,4,100.0,4,80.0,4,80.0,3,75.0,0,0.0,3,75.0
371.0,23,515.0,0.515,0,0.0,4,80.0,1,25.0,0,0.0,4,100.0,4,80.0,4,80.0,3,75.0,0,0.0,3,75.0
372.0,23,515.0,0.515,0,0.0,4,80.0,1,25.0,0,0.0,4,100.0,4,80.0,4,80.0,3,75.0,0,0.0,3,75.0
373.0,23,515.0,0.515,0,0.0,4,80.0,1,25.0,0,0.0,4,100.0,4,80.0,4,80.0,3,75.0,0,0.0,3,75.0
374.0,23,515.0,0.515,0,0.0,4,80.0,1,25.0,0,0.0,4,100.0,4,80.0,4,80.0,3,75.0,0,0.0,3,75.0
375.0,24,540.0,0.54,0,0.0,4,80.0,1,25.0,0,0.0,4,100.0,4,80.0,4,80.0,4,100.0,0,0.0,3,75.0
376.0,24,540.0,0.54,0,0.0,4,80.0,1,25.0,0,0.0,4,100.0,4,80.0,4,80.0,4,100.0,0,0.0,3,75.0
377.0,24,540.0,0.54,0,0.0,4,80.0,1,25.0,0,0.0,4,100.0,4,80.0,4,80.0,4,100.0,0,0.0,3,75.0
378.0,24,540.0,0.54,0,0.0,4,80.0,1,25.0,0,0.0,4,100.0,4,80.0,4,80.0,4,100.0,0,0.0,3,75.0
379.0,24,540.0,0.54,0,0.0,4,80.0,1,25.0,0,0.0,4,100.0,4,80.0,4,80.0,4,100.0,0,0.0,3,75.0
380.0,24,540.0,0.54,0,0.0,4,80.0,1,25.0,0,0.0,4,100.0,4,80.0,4,80.0,4,100.0,0,0.0,3,75.0
381.0,24,540.0,0.54,0,0.0,4,80.0,1,25.0,0,0.0,4,100.0,4,80.0,4,80.0,4,100.0,0,0.0,3,75.0
382.0,24,540.0,0.54,0,0.0,4,80.0,1,25.0,0,0.0,4,100.0,4,80.0,4,80.0,4,100.0,0,0.0,3,75.0
383.0,24,540.0,0.54,0,0.0,4,80.0,1,25.0,0,0.0,4,100.0,4,80.0,4,80.0,4,100.0,0,0.0,3,75.0
384.0,24,540.0,0.54,0,0.0,4,80.0,1,25.0,0,0.0,4,100.0,4,80.0,4,80.0,4,100.0,0,0.0,3,75.0
385.0,24,540.0,0.54,0,0.0,4,80.0,1,25.0,0,0.0,4,100.0,4,80.0,4,80.0,4,100.0,0,0.0,3,75.0
386.0,24,540.0,0.54,0,0.0,4,80.0,1,25.0,0,0.0,4,100.0,4,80.0,4,80.0,4,100.0,0,0.0,3,75.0
387.0,24,540.0,0.54,0,0.0,4,80.0,1,25.0,0,0.0,4,100.0,4,80.0,4,80.0,4,100.0,0,0.0,3,75.0
388.0,24,540.0,0.54,0,0.0,4,80.0,1,25.0,0,0.0,4,100.0,4,80.0,4,80.0,4,100.0,0,0.0,3,75.0
389.0,24,540.0,0.54,0,0.0,4,80.0,1,25.0,0,0.0,4,100.0,4,80.0,4,80.0,4,100.0,0,0.0,3,75.0
390.0,24,540.0,0.54,0,0.0,4,80.0,1,25.0,0,0.0,4,100.0,4,80.0,4,80.0,4,100.0,0,0.0,3,75.0
391.0,24,540.0,0.54,0,0.0,4,80.0,1,25.0,0,0.0,4,100.0,4,80.0,4,80.0,4,100.0,0,0.0,3,75.0
392.0,25,560.0,0.56,0,0.0,4,80.0,1,25.0,0,0.0,4,100.0,4,80.0,4,80.0,4,100.0,1,20.0,3,75.0
393.0,25,560.0,0.56,0,0.0,4,80.0,1,25.0,0,0.0,4,100.0,4,80.0,4,80.0,4,100.0,1,20.0,3,75.0
394.0,25,560.0,0.56,0,0.0,4,80.0,1,25.0,0,0.0,4,100.0,4,80.0,4,80.0,4,100.0,1,20.0,3,75.0
395.0,25,560.0,0.56,0,0.0,4,80.0,1,25.0,0,0.0,4,100.0,4,80.0,4,80.0,4,100.0,1,20.0,3,75.0
396.0,25,560.0,0.56,0,0.0,4,80.0,1,25.0,0,0.0,4,100.0,4,80.0,4,80.0,4,100.0,1,20.0,3,75.0
397.0,25,560.0,0.56,0,0.0,4,80.0,1,25.0,0,0.0,4,100.0,4,80.0,4,80.0,4,100.0,1,20.0,3,75.0
398.0,25,560.0,0.56,0,0.0,4,80.0,1,25.0,0,0.0,4,100.0,4,80.0,4,80.0,4,100.0,1,20.0,3,75.0
399.0,25,560.0,0.56,0,0.0,4,80.0,1,25.0,0,0.0,4,100.0,4,80.0,4,80.0,4,100.0,1,20.0,3,75.0
400.0,27,605.0,0.605,0,0.0,4,80.0,1,25.0,1,20.0,5,125.0,4,80.0,4,80.0,4,100.0,1,20.0,3,75.0
401.0,27,605.0,0.605,0,0.0,4,80.0,1,25.0,1,20.0,5,125.0,4,80.0,4,80.0,4,100.0,1,20.0,3,75.0
402.0,27,605.0,0.605,0,0.0,4,80.0,1,25.0,1,20.0,5,125.0,4,80.0,4,80.0,4,100.0,1,20.0,3,75.0
403.0,27,605.0,0.605,0,0.0,4,80.0,1,25.0,1,20.0,5,125.0,4,80.0,4,80.0,4,100.0,1,20.0,3,75.0
404.0,27,605.0,0.605,0,0.0,4,80.0,1,25.0,1,20.0,5,125.0,4,80.0,4,80.0,4,100.0,1,20.0,3,75.0
405.0,27,605.0,0.605,0,0.0,4,80.0,1,25.0,1,20.0,5,125.0,4,80.0,4,80.0,4,100.0,1,20.0,3,75.0
406.0,27,605.0,0.605,0,0.0,4,80.0,1,25.0,1,20.0,5,125.0,4,80.0,4,80.0,4,100.0,1,20.0,3,75.0
407.0,27,605.0,0.605,0,0.0,4,80.0,1,25.0,1,20.0,5,125.0,4,80.0,4,80.0,4,100.0,1,20.0,3,75.0
408.0,27,605.0,0.605,0,0.0,4,80.0,1,25.0,1,20.0,5,125.0,4,80.0,4,80.0,4,100.0,1,20.0,3,75.0
409.0,27,605.0,0.605,0,0.0,4,80.0,1,25.0,1,20.0,5,125.0,4,80.0,4,80.0,4,100.0,1,20.0,3,75.0
410.0,27,605.0,0.605,0,0.0,4,80.0,1,25.0,1,20.0,5,125.0,4,80.0,4,80.0,4,100.0,1,20.0,3,75.0
411.0,28,625.0,0.625,0,0.0,4,80.0,1,25.0,2,40.0,5,125.0,4,80.0,4,80.0,4,100.0,1,20.0,3,75.0
412.0,28,625.0,0.625,0,0.0,4,80.0,1,25.0,2,40.0,5,125.0,4,80.0,4,80.0,4,100.0,1,20.0,3,75.0
413.0,28,625.0,0.625,0,0.0,4,80.0,1,25.0,2,40.0,5,125.0,4,80.0,4,80.0,4,100.0,1,20.0,3,75.0
414.0,28,625.0,0.625,0,0.0,4,80.0,1,25.0,2,40.0,5,125.0,4,80.0,4,80.0,4,100.0,1,20.0,3,75.0
415.0,28,625.0,0.625,0,0.0,4,80.0,1,25.0,2,40.0,5,125.0,4,80.0,4,80.0,4,100.0,1,20.0,3,75.0
416.0,28,625.0,0.625,0,0.0,4,80.0,1,25.0,2,40.0,5,125.0,4,80.0,4,80.0,4,100.0,1,20.0,3,75.0
417.0,28,625.0,0.625,0,0.0,4,80.0,1,25.0,2,40.0,5,125.0,4,80.0,4,80.0,4,100.0,1,20.0,3,75.0
418.0,28,625.0,0.625,0,0.0,4,80.0,1,25.0,2,40.0,5,125.0,4,80.0,4,80.0,4,100.0,1,20.0,3,75.0
419.0,28,625.0,0.625,0,0.0,4,80.0,1,25.0,2,40.0,5,125.0,4,80.0,4,80.0,4,100.0,1,20.0,3,75.0
420.0,28,625.0,0.625,0,0.0,4,80.0,1,25.0,2,40.0,5,125.0,4,80.0,4,80.0,4,100.0,1,20.0,3,75.0
421.0,28,625.0,0.625,0,0.0,4,80.0,1,25.0,2,40.0,5,125.0,4,80.0,4,80.0,4,100.0,1,20.0,3,75.0
422.0,28,625.0,0.625,0,0.0,4,80.0,1,25.0,2,40.0,5,125.0,4,80.0,4,80.0,4,100.0,1,20.0,3,75.0
423.0,28,625.0,0.625,0,0.0,4,80.0,1,25.0,2,40.0,5,125.0,4,80.0,4,80.0,4,100.0,1,20.0,3,75.0
424.0,28,625.0,0.625,0,0.0,4,80.0,1,25.0,2,40.0,5,125.0,4,80.0,4,80.0,4,100.0,1,20.0,3,75.0
425.0,28,625.0,0.625,0,0.0,4,80.0,1,25.0,2,40.0,5,125.0,4,80.0,4,80.0,4,100.0,1,20.0,3,75.0
426.0,28,625.0,0.625,0,0.0,4,80.0,1,25.0,2,40.0,5,125.0,4,80.0,4,80.0,4,100.0,1,20.0,3,75.0
427.0,28,625.0,0.625,0,0.0,4,80.0,1,25.0,2,40.0,5,125.0,4,80.0,4,80.0,4,100.0,1,20.0,3,75.0
428.0,28,625.0,0.625,0,0.0,4,80.0,1,25.0,2,40.0,5,125.0,4,80.0,4,80.0,4,100.0,1,20.0,3,75.0
429.0,28,625.0,0.625,0,0.0,4,80.0,1,25.0,2,40.0,5,125.0,4,80.0,4,80.0,4,100.0,1,20.0,3,75.0
430.0,28,625.0,0.625,0,0.0,4,80.0,1,25.0,2,40.0,5,125.0,4,80.0,4,80.0,4,100.0,1,20.0,3,75.0
431.0,28,625.0,0.625,0,0.0,4,80.0,1,25.0,2,40.0,5,125.0,4,80.0,4,80.0,4,100.0,1,20.0,3,75.0
432.0,28,625.0,0.625,0,0.0,4,80.0,1,25.0,2,40.0,5,125.0,4,80.0,4,80.0,4,100.0,1,20.0,3,75.0
433.0,28,625.0,0.625,0,0.0,4,80.0,1,25.0,2,40.0,5,125.0,4,80.0,4,80.0,4,100.0,1,20.0,3,75.0
434.0,28,625.0,0.625,0,0.0,4,80.0,1,25.0,2,40.0,5,125.0,4,80.0,4,80.0,4,100.0,1,20.0,3,75.0
435.0,28,625.0,0.625,0,0.0,4,80.0,1,25.0,2,40.0,5,125.0,4,80.0,4,80.0,4,100.0,1,20.0,3,75.0
436.0,29,650.0,0.65,0,0.0,4,80.0,1,25.0,2,40.0,5,125.0,4,80.0,4,80.0,4,100.0,1,20.0,4,100.0
437.0,29,650.0,0.65,0,0.0,4,80.0,1,25.0,2,40.0,5,125.0,4,80.0,4,80.0,4,100.0,1,20.0,4,100.0
438.0,29,650.0,0.65,0,0.0,4,80.0,1,25.0,2,40.0,5,125.0,4,80.0,4,80.0,4,100.0,1,20.0,4,100.0
439.0,29,650.0,0.65,0,0.0,4,80.0,1,25.0,2,40.0,5,125.0,4,80.0,4,80.0,4,100.0,1,20.0,4,100.0
440.0,30,675.0,0.675,0,0.0,4,80.0,1,25.0,2,40.0,5,125.0,4,80.0,4,80.0,5,125.0,1,20.0,4,100.0
441.0,30,675.0,0.675,0,0.0,4,80.0,1,25.0,2,40.0,5,125.0,4,80.0,4,80.0,5,125.0,1,20.0,4,100.0
442.0,30,675.0,0.675,0,0.0,4,80.0,1,25.0,2,40.0,5,125.0,4,80.0,4,80.0,5,125.0,1,20.0,4,100.0
443.0,30,675.0,0.675,0,0.0,4,80.0,1,25.0,2,40.0,5,125.0,4,80.0,4,80.0,5,125.0,1,20.0,4,100.0
444.0,30,675.0,0.675,0,0.0,4,80.0,1,25.0,2,40.0,5,125.0,4,80.0,4,80.0,5,125.0,1,20.0,4,100.0
445.0,30,675.0,0.675,0,0.0,4,80.0,1,25.0,2,40.0,5,125.0,4,80.0,4,80.0,5,125.0,1,20.0,4,100.0
446.0,30,675.0,0.675,0,0.0,4,80.0,1,25.0,2,40.0,5,125.0,4,80.0,4,80.0,5,125.0,1,20.0,4,100.0
447.0,30,675.0,0.675,0,0.0,4,80.0,1,25.0,2,40.0,5,125.0,4,80.0,4,80.0,5,125.0,1,20.0,4,100.0
448.0,30,675.0,0.675,0,0.0,4,80.0,1,25.0,2,40.0,5,125.0,4,80.0,4,80.0,5,125.0,1,20.0,4,100.0
449.0,30,675.0,0.675,0,0.0,4,80.0,1,25.0,2,40.0,5,125.0,4,80.0,4,80.0,5,125.0,1,20.0,4,100.0
450.0,30,675.0,0.675,0,0.0,4,80.0,1,25.0,2,40.0,5,125.0,4,80.0,4,80.0,5,125.0,1,20.0,4,100.0
451.0,30,675.0,0.675,0,0.0,4,80.0,1,25.0,2,40.0,5,125.0,4,80.0,4,80.0,5,125.0,1,20.0,4,100.0
452.0,30,675.0,0.675,0,0.0,4,80.0,1,25.0,2,40.0,5,125.0,4,80.0,4,80.0,5,125.0,1,20.0,4,100.0
453.0,30,675.0,0.675,0,0.0,4,80.0,1,25.0,2,40.0,5,125.0,4,80.0,4,80.0,5,125.0,1,20.0,4,100.0
454.0,30,675.0,0.675,0,0.0,4,80.0,1,25.0,2,40.0,5,125.0,4,80.0,4,80.0,5,125.0,1,20.0,4,100.0
455.0,30,675.0,0.675,0,0.0,4,80.0,1,25.0,2,40.0,5,125.0,4,80.0,4,80.0,5,125.0,1,20.0,4,100.0
456.0,30,675.0,0.675,0,0.0,4,80.0,1,25.0,2,40.0,5,125.0,4,80.0,4,80.0,5,125.0,1,20.0,4,100.0
457.0,30,675.0,0.675,0,0.0,4,80.0,1,25.0,2,40.0,5,125.0,4,80.0,4,80.0,5,125.0,1,20.0,4,100.0
458.0,30,675.0,0.675,0,0.0,4,80.0,1,25.0,2,40.0,5,125.0,4,80.0,4,80.0,5,125.0,1,20.0,4,100.0
459.0,30,675.0,0.675,0,0.0,4,80.0,1,25.0,2,40.0,5,125.0,4,80.0,4,80.0,5,125.0,1,20.0,4,100.0
460.0,30,675.0,0.675,0,0.0,4,80.0,1,25.0,2,40.0,5,125.0,4,80.0,4,80.0,5,125.0,1,20.0,4,100.0
461.0,30,675.0,0.675,0,0.0,4,80.0,1,25.0,2,40.0,5,125.0,4,80.0,4,80.0,5,125.0,1,20.0,4,100.0
462.0,30,675.0,0.675,0,0.0,4,80.0,1,25.0,2,40.0,5,125.0,4,80.0,4,80.0,5,125.0,1,20.0,4,100.0
463.0,30,675.0,0.675,0,0.0,4,80.0,1,25.0,2,40.0,5,125.0,4,80.0,4,80.0,5,125.0,1,20.0,4,100.0
464.0,30,675.0,0.675,0,0.0,4,80.0,1,25.0,2,40.0,5,125.0,4,80.0,4,80.0,5,125.0,1,20.0,4,100.0
465.0,30,675.0,0.675,0,0.0,4,80.0,1,25.0,2,40.0,5,125.0,4,80.0,4,80.0,5,125.0,1,20.0,4,100.0
466.0,30,675.0,0.675,0,0.0,4,80.0,1,25.0,2,40.0,5,125.0,4,80.0,4,80.0,5,125.0,1,20.0,4,100.0
467.0,30,675.0,0.675,0,0.0,4,80.0,1,25.0,2,40.0,5,125.0,4,80.0,4,80.0,5,125.0,1,20.0,4,100.0
468.0,30,675.0,0.675,0,0.0,4,80.0,1,25.0,2,40.0,5,125.0,4,80.0,4,80.0,5,125.0,1,20.0,4,100.0
469.0,30,675.0,0.675,0,0.0,4,80.0,1,25.0,2,40.0,5,125.0,4,80.0,4,80.0,5,125.0,1,20.0,4,100.0
470.0,30,675.0,0.675,0,0.0,4,80.0,1,25.0,2,40.0,5,125.0,4,80.0,4,80.0,5,125.0,1,20.0,4,100.0
471.0,30,675.0,0.675,0,0.0,4,80.0,1,25.0,2,40.0,5,125.0,4,80.0,4,80.0,5,125.0,1,20.0,4,100.0
472.0,30,675.0,0.675,0,0.0,4,80.0,1,25.0,2,40.0,5,125.0,4,80.0,4,80.0,5,125.0,1,20.0,4,100.0
473.0,30,675.0,0.675,0,0.0,4,80.0,1,25.0,2,40.0,5,125.0,4,80.0,4,80.0,5,125.0,1,20.0,4,100.0
474.0,30,675.0,0.675,0,0.0,4,80.0,1,25.0,2,40.0,5,125.0,4,80.0,4,80.0,5,125.0,1,20.0,4,100.0
475.0,30,675.0,0.675,0,0.0,4,80.0,1,25.0,2,40.0,5,125.0,4,80.0,4,80.0,5,125.0,1,20.0,4,100.0
476.0,30,675.0,0.675,0,0.0,4,80.0,1,25.0,2,40.0,5,125.0,4,80.0,4,80.0,5,125.0,1,20.0,4,100.0
477.0,30,675.0,0.675,0,0.0,4,80.0,1,25.0,2,40.0,5,125.0,4,80.0,4,80.0,5,125.0,1,20.0,4,100.0
478.0,30,675.0,0.675,0,0.0,4,80.0,1,25.0,2,40.0,5,125.0,4,80.0,4,80.0,5,125.0,1,20.0,4,100.0
479.0,30,675.0,0.675,0,0.0,4,80.0,1,25.0,2,40.0,5,125.0,4,80.0,4,80.0,5,125.0,1,20.0,4,100.0
480.0,30,675.0,0.675,0,0.0,4,80.0,1,25.0,2,40.0,5,125.0,4,80.0,4,80.0,5,125.0,1,20.0,4,100.0
481.0,30,675.0,0.675,0,0.0,4,80.0,1,25.0,2,40.0,5,125.0,4,80.0,4,80.0,5,125.0,1,20.0,4,100.0
482.0,30,675.0,0.675,0,0.0,4,80.0,1,25.0,2,40.0,5,125.0,4,80.0,4,80.0,5,125.0,1,20.0,4,100.0
483.0,30,675.0,0.675,0,0.0,4,80.0,1,25.0,2,40.0,5,125.0,4,80.0,4,80.0,5,125.0,1,20.0,4,100.0
484.0,30,675.0,0.675,0,0.0,4,80.0,1,25.0,2,40.0,5,125.0,4,80.0,4,80.0,5,125.0,1,20.0,4,100.0
485.0,30,675.0,0.675,0,0.0,4,80.0,1,25.0,2,40.0,5,125.0,4,80.0,4,80.0,5,125.0,1,20.0,4,100.0
486.0,30,675.0,0.675,0,0.0,4,80.0,1,25.0,2,40.0,5,125.0,4,80.0,4,80.0,5,125.0,1,20.0,4,100.0
487.0,30,675.0,0.675,0,0.0,4,80.0,1,25.0,2,40.0,5,125.0,4,80.0,4,80.0,5,125.0,1,20.0,4,100.0
488.0,31,695.0,0.695,0,0.0,4,80.0,1,25.0,2,40.0,5,125.0,4,80.0,4,80.0,5,125.0,2,40.0,4,100.0
489.0,31,695.0,0.695,0,0.0,4,80.0,1,25.0,2,40.0,5,125.0,4,80.0,4,80.0,5,125.0,2,40.0,4,100.0
490.0,31,695.0,0.695,0,0.0,4,80.0,1,25.0,2,40.0,5,125.0,4,80.0,4,80.0,5,125.0,2,40.0,4,100.0
491.0,31,695.0,0.695,0,0.0,4,80.0,1,25.0,2,40.0,5,125.0,4,80.0,4,80.0,5,125.0,2,40.0,4,100.0
492.0,31,695.0,0.695,0,0.0,4,80.0,1,25.0,2,40.0,5,125.0,4,80.0,4,80.0,5,125.0,2,40.0,4,100.0
493.0,31,695.0,0.695,0,0.0,4,80.0,1,25.0,2,40.0,5,125.0,4,80.0,4,80.0,5,125.0,2,40.0,4,100.0
494.0,32,720.0,0.72,0,0.0,4,80.0,1,25.0,2,40.0,5,125.0,4,80.0,4,80.0,5,125.0,2,40.0,5,125.0
495.0,32,720.0,0.72,0,0.0,4,80.0,1,25.0,2,40.0,5,125.0,4,80.0,4,80.0,5,125.0,2,40.0,5,125.0
496.0,32,720.0,0.72,0,0.0,4,80.0,1,25.0,2,40.0,5,125.0,4,80.0,4,80.0,5,125.0,2,40.0,5,125.0
497.0,32,720.0,0.72,0,0.0,4,80.0,1,25.0,2,40.0,5,125.0,4,80.0,4,80.0,5,125.0,2,40.0,5,125.0
498.0,33,745.0,0.745,0,0.0,4,80.0,2,50.0,2,40.0,5,125.0,4,80.0,4,80.0,5,125.0,2,40.0,5,125.0
499.0,33,745.0,0.745,0,0.0,4,80.0,2,50.0,2,40.0,5,125.0,4,80.0,4,80.0,5,125.0,2,40.0,5,125.0
500.0,33,745.0,0.745,0,0.0,4,80.0,2,50.0,2,40.0,5,125.0,4,80.0,4,80.0,5,125.0,2,40.0,5,125.0
501.0,33,745.0,0.745,0,0.0,4,80.0,2,50.0,2,40.0,5,125.0,4,80.0,4,80.0,5,125.0,2,40.0,5,125.0
502.0,33,745.0,0.745,0,0.0,4,80.0,2,50.0,2,40.0,5,125.0,4,80.0,4,80.0,5,125.0,2,40.0,5,125.0
503.0,33,745.0,0.745,0,0.0,4,80.0,2,50.0,2,40.0,5,125.0,4,80.0,4,80.0,5,125.0,2,40.0,5,125.0
504.0,33,745.0,0.745,0,0.0,4,80.0,2,50.0,2,40.0,5,125.0,4,80.0,4,80.0,5,125.0,2,40.0,5,125.0
505.0,33,745.0,0.745,0,0.0,4,80.0,2,50.0,2,40.0,5,125.0,4,80.0,4,80.0,5,125.0,2,40.0,5,125.0
506.0,33,745.0,0.745,0,0.0,4,80.0,2,50.0,2,40.0,5,125.0,4,80.0,4,80.0,5,125.0,2,40.0,5,125.0
507.0,33,745.0,0.745,0,0.0,4,80.0,2,50.0,2,40.0,5,125.0,4,80.0,4,80.0,5,125.0,2,40.0,5,125.0
508.0,33,745.0,0.745,0,0.0,4,80.0,2,50.0,2,40.0,5,125.0,4,80.0,4,80.0,5,125.0,2,40.0,5,125.0
509.0,33,745.0,0.745,0,0.0,4,80.0,2,50.0,2,40.0,5,125.0,4,80.0,4,80.0,5,125.0,2,40.0,5,125.0
510.0,33,745.0,0.745,0,0.0,4,80.0,2,50.0,2,40.0,5,125.0,4,80.0,4,80.0,5,125.0,2,40.0,5,125.0
511.0,33,745.0,0.745,0,0.0,4,80.0,2,50.0,2,40.0,5,125.0,4,80.0,4,80.0,5,125.0,2,40.0,5,125.0
512.0,33,745.0,0.745,0,0.0,4,80.0,2,50.0,2,40.0,5,125.0,4,80.0,4,80.0,5,125.0,2,40.0,5,125.0
513.0,33,745.0,0.745,0,0.0,4,80.0,2,50.0,2,40.0,5,125.0,4,80.0,4,80.0,5,125.0,2,40.0,5,125.0
514.0,33,745.0,0.745,0,0.0,4,80.0,2,50.0,2,40.0,5,125.0,4,80.0,4,80.0,5,125.0,2,40.0,5,125.0
515.0,33,745.0,0.745,0,0.0,4,80.0,2,50.0,2,40.0,5,125.0,4,80.0,4,80.0,5,125.0,2,40.0,5,125.0
516.0,33,745.0,0.745,0,0.0,4,80.0,2,50.0,2,40.0,5,125.0,4,80.0,4,80.0,5,125.0,2,40.0,5,125.0
517.0,33,745.0,0.745,0,0.0,4,80.0,2,50.0,2,40.0,5,125.0,4,80.0,4,80.0,5,125.0,2,40.0,5,125.0
518.0,33,745.0,0.745,0,0.0,4,80.0,2,50.0,2,40.0,5,125.0,4,80.0,4,80.0,5,125.0,2,40.0,5,125.0
519.0,33,745.0,0.745,0,0.0,4,80.0,2,50.0,2,40.0,5,125.0,4,80.0,4,80.0,5,125.0,2,40.0,5,125.0
520.0,33,745.0,0.745,0,0.0,4,80.0,2,50.0,2,40.0,5,125.0,4,80.0,4,80.0,5,125.0,2,40.0,5,125.0
521.0,33,745.0,0.745,0,0.0,4,80.0,2,50.0,2,40.0,5,125.0,4,80.0,4,80.0,5,125.0,2,40.0,5,125.0
522.0,33,745.0,0.745,0,0.0,4,80.0,2,50.0,2,40.0,5,125.0,4,80.0,4,80.0,5,125.0,2,40.0,5,125.0
523.0,33,745.0,0.745,0,0.0,4,80.0,2,50.0,2,40.0,5,125.0,4,80.0,4,80.0,5,125.0,2,40.0,5,125.0
524.0,33,745.0,0.745,0,0.0,4,80.0,2,50.0,2,40.0,5,125.0,4,80.0,4,80.0,5,125.0,2,40.0,5,125.0
525.0,33,745.0,0.745,0,0.0,4,80.0,2,50.0,2,40.0,5,125.0,4,80.0,4,80.0,5,125.0,2,40.0,5,125.0
526.0,33,745.0,0.745,0,0.0,4,80.0,2,50.0,2,40.0,5,125.0,4,80.0,4,80.0,5,125.0,2,40.0,5,125.0
527.0,33,745.0,0.745,0,0.0,4,80.0,2,50.0,2,40.0,5,125.0,4,80.0,4,80.0,5,125.0,2,40.0,5,125.0
528.0,33,745.0,0.745,0,0.0,4,80.0,2,50.0,2,40.0,5,125.0,4,80.0,4,80.0,5,125.0,2,40.0,5,125.0
529.0,33,745.0,0.745,0,0.0,4,80.0,2,50.0,2,40.0,5,125.0,4,80.0,4,80.0,5,125.0,2,40.0,5,125.0
530.0,32,720.0,0.72,0,0.0,4,80.0,2,50.0,2,40.0,5,125.0,4,80.0,4,80.0,4,100.0,2,40.0,5,125.0
531.0,32,720.0,0.72,0,0.0,4,80.0,2,50.0,2,40.0,5,125.0,4,80.0,4,80.0,4,100.0,2,40.0,5,125.0
532.0,32,720.0,0.72,0,0.0,4,80.0,2,50.0,2,40.0,5,125.0,4,80.0,4,80.0,4,100.0,2,40.0,5,125.0
533.0,32,720.0,0.72,0,0.0,4,80.0,2,50.0,2,40.0,5,125.0,4,80.0,4,80.0,4,100.0,2,40.0,5,125.0
534.0,32,720.0,0.72,0,0.0,4,80.0,2,50.0,2,40.0,5,125.0,4,80.0,4,80.0,4,100.0,2,40.0,5,125.0
535.0,32,720.0,0.72,0,0.0,4,80.0,2,50.0,2,40.0,5,125.0,4,80.0,4,80.0,4,100.0,2,40.0,5,125.0
536.0,32,720.0,0.72,0,0.0,4,80.0,2,50.0,2,40.0,5,125.0,4,80.0,4,80.0,4,100.0,2,40.0,5,125.0
537.0,32,720.0,0.72,0,0.0,4,80.0,2,50.0,2,40.0,5,125.0,4,80.0,4,80.0,4,100.0,2,40.0,5,125.0
538.0,32,720.0,0.72,0,0.0,4,80.0,2,50.0,2,40.0,5,125.0,4,80.0,4,80.0,4,100.0,2,40.0,5,125.0
539.0,32,720.0,0.72,0,0.0,4,80.0,2,50.0,2,40.0,5,125.0,4,80.0,4,80.0,4,100.0,2,40.0,5,125.0
540.0,32,720.0,0.72,0,0.0,4,80.0,2,50.0,2,40.0,5,125.0,4,80.0,4,80.0,4,100.0,2,40.0,5,125.0
541.0,32,720.0,0.72,0,0.0,4,80.0,2,50.0,2,40.0,5,125.0,4,80.0,4,80.0,4,100.0,2,40.0,5,125.0
542.0,32,720.0,0.72,0,0.0,4,80.0,2,50.0,2,40.0,5,125.0,4,80.0,4,80.0,4,100.0,2,40.0,5,125.0
543.0,33,745.0,0.745,0,0.0,4,80.0,3,75.0,2,40.0,5,125.0,4,80.0,4,80.0,4,100.0,2,40.0,5,125.0
544.0,33,745.0,0.745,0,0.0,4,80.0,3,75.0,2,40.0,5,125.0,4,80.0,4,80.0,4,100.0,2,40.0,5,125.0
545.0,33,745.0,0.745,0,0.0,4,80.0,3,75.0,2,40.0,5,125.0,4,80.0,4,80.0,4,100.0,2,40.0,5,125.0
546.0,33,745.0,0.745,0,0.0,4,80.0,3,75.0,2,40.0,5,125.0,4,80.0,4,80.0,4,100.0,2,40.0,5,125.0
547.0,33,745.0,0.745,0,0.0,4,80.0,3,75.0,2,40.0,5,125.0,4,80.0,4,80.0,4,100.0,2,40.0,5,125.0
548.0,32,720.0,0.72,0,0.0,4,80.0,3,75.0,2,40.0,4,100.0,4,80.0,4,80.0,4,100.0,2,40.0,5,125.0
549.0,32,720.0,0.72,0,0.0,4,80.0,3,75.0,2,40.0,4,100.0,4,80.0,4,80.0,4,100.0,2,40.0,5,125.0
550.0,32,720.0,0.72,0,0.0,4,80.0,3,75.0,2,40.0,4,100.0,4,80.0,4,80.0,4,100.0,2,40.0,5,125.0
551.0,32,720.0,0.72,0,0.0,4,80.0,3,75.0,2,40.0,4,100.0,4,80.0,4,80.0,4,100.0,2,40.0,5,125.0
552.0,32,720.0,0.72,0,0.0,4,80.0,3,75.0,2,40.0,4,100.0,4,80.0,4,80.0,4,100.0,2,40.0,5,125.0
553.0,32,720.0,0.72,0,0.0,4,80.0,3,75.0,2,40.0,4,100.0,4,80.0,4,80.0,4,100.0,2,40.0,5,125.0
554.0,32,720.0,0.72,0,0.0,4,80.0,3,75.0,2,40.0,4,100.0,4,80.0,4,80.0,4,100.0,2,40.0,5,125.0
555.0,32,720.0,0.72,0,0.0,4,80.0,3,75.0,2,40.0,4,100.0,4,80.0,4,80.0,4,100.0,2,40.0,5,125.0
556.0,32,720.0,0.72,0,0.0,4,80.0,3,75.0,2,40.0,4,100.0,4,80.0,4,80.0,4,100.0,2,40.0,5,125.0
557.0,32,720.0,0.72,0,0.0,4,80.0,3,75.0,2,40.0,4,100.0,4,80.0,4,80.0,4,100.0,2,40.0,5,125.0
558.0,32,720.0,0.72,0,0.0,4,80.0,3,75.0,2,40.0,4,100.0,4,80.0,4,80.0,4,100.0,2,40.0,5,125.0
559.0,32,720.0,0.72,0,0.0,4,80.0,3,75.0,2,40.0,4,100.0,4,80.0,4,80.0,4,100.0,2,40.0,5,125.0
560.0,32,720.0,0.72,0,0.0,4,80.0,3,75.0,2,40.0,4,100.0,4,80.0,4,80.0,4,100.0,2,40.0,5,125.0
561.0,32,720.0,0.72,0,0.0,4,80.0,3,75.0,2,40.0,4,100.0,4,80.0,4,80.0,4,100.0,2,40.0,5,125.0
562.0,32,720.0,0.72,0,0.0,4,80.0,3,75.0,2,40.0,4,100.0,4,80.0,4,80.0,4,100.0,2,40.0,5,125.0
563.0,32,720.0,0.72,0,0.0,4,80.0,3,75.0,2,40.0,4,100.0,4,80.0,4,80.0,4,100.0,2,40.0,5,125.0
564.0,32,720.0,0.72,0,0.0,4,80.0,3,75.0,2,40.0,4,100.0,4,80.0,4,80.0,4,100.0,2,40.0,5,125.0
565.0,32,720.0,0.72,0,0.0,4,80.0,3,75.0,2,40.0,4,100.0,4,80.0,4,80.0,4,100.0,2,40.0,5,125.0
566.0,32,720.0,0.72,0,0.0,4,80.0,3,75.0,2,40.0,4,100.0,4,80.0,4,80.0,4,100.0,2,40.0,5,125.0
567.0,32,720.0,0.72,0,0.0,4,80.0,3,75.0,2,40.0,4,100.0,4,80.0,4,80.0,4,100.0,2,40.0,5,125.0
568.0,33,745.0,0.745,0,0.0,4,80.0,4,100.0,2,40.0,4,100.0,4,80.0,4,80.0,4,100.0,2,40.0,5,125.0
569.0,34,765.0,0.765,1,20.0,4,80.0,4,100.0,2,40.0,4,100.0,4,80.0,4,80.0,4,100.0,2,40.0,5,125.0
570.0,35,785.0,0.785,2,40.0,4,80.0,4,100.0,2,40.0,4,100.0,4,80.0,4,80.0,4,100.0,2,40.0,5,125.0
571.0,35,785.0,0.785,2,40.0,4,80.0,4,100.0,2,40.0,4,100.0,4,80.0,4,80.0,4,100.0,2,40.0,5,125.0
572.0,35,785.0,0.785,2,40.0,4,80.0,4,100.0,2,40.0,4,100.0,4,80.0,4,80.0,4,100.0,2,40.0,5,125.0
573.0,35,785.0,0.785,2,40.0,4,80.0,4,100.0,2,40.0,4,100.0,4,80.0,4,80.0,4,100.0,2,40.0,5,125.0
574.0,35,785.0,0.785,2,40.0,4,80.0,4,100.0,2,40.0,4,100.0,4,80.0,4,80.0,4,100.0,2,40.0,5,125.0
575.0,35,785.0,0.785,2,40.0,4,80.0,4,100.0,2,40.0,4,100.0,4,80.0,4,80.0,4,100.0,2,40.0,5,125.0
576.0,35,785.0,0.785,2,40.0,4,80.0,4,100.0,2,40.0,4,100.0,4,80.0,4,80.0,4,100.0,2,40.0,5,125.0
577.0,35,785.0,0.785,2,40.0,4,80.0,4,100.0,2,40.0,4,100.0,4,80.0,4,80.0,4,100.0,2,40.0,5,125.0
578.0,35,785.0,0.785,2,40.0,4,80.0,4,100.0,2,40.0,4,100.0,4,80.0,4,80.0,4,100.0,2,40.0,5,125.0
579.0,35,785.0,0.785,2,40.0,4,80.0,4,100.0,2,40.0,4,100.0,4,80.0,4,80.0,4,100.0,2,40.0,5,125.0
580.0,35,785.0,0.785,2,40.0,4,80.0,4,100.0,2,40.0,4,100.0,4,80.0,4,80.0,4,100.0,2,40.0,5,125.0
581.0,35,785.0,0.785,2,40.0,4,80.0,4,100.0,2,40.0,4,100.0,4,80.0,4,80.0,4,100.0,2,40.0,5,125.0
582.0,35,785.0,0.785,2,40.0,4,80.0,4,100.0,2,40.0,4,100.0,4,80.0,4,80.0,4,100.0,2,40.0,5,125.0
583.0,35,785.0,0.785,2,40.0,4,80.0,4,100.0,2,40.0,4,100.0,4,80.0,4,80.0,4,100.0,2,40.0,5,125.0
584.0,35,785.0,0.785,2,40.0,4,80.0,4,100.0,2,40.0,4,100.0,4,80.0,4,80.0,4,100.0,2,40.0,5,125.0
585.0,35,785.0,0.785,2,40.0,4,80.0,4,100.0,2,40.0,4,100.0,4,80.0,4,80.0,4,100.0,2,40.0,5,125.0
586.0,36,805.0,0.805,3,60.0,4,80.0,4,100.0,2,40.0,4,100.0,4,80.0,4,80.0,4,100.0,2,40.0,5,125.0
587.0,36,805.0,0.805,3,60.0,4,80.0,4,100.0,2,40.0,4,100.0,4,80.0,4,80.0,4,100.0,2,40.0,5,125.0
588.0,36,805.0,0.805,3,60.0,4,80.0,4,100.0,2,40.0,4,100.0,4,80.0,4,80.0,4,100.0,2,40.0,5,125.0
589.0,37,830.0,0.83,3,60.0,4,80.0,5,125.0,2,40.0,4,100.0,4,80.0,4,80.0,4,100.0,2,40.0,5,125.0
590.0,37,830.0,0.83,3,60.0,4,80.0,5,125.0,2,40.0,4,100.0,4,80.0,4,80.0,4,100.0,2,40.0,5,125.0
591.0,37,830.0,0.83,3,60.0,4,80.0,5,125.0,2,40.0,4,100.0,4,80.0,4,80.0,4,100.0,2,40.0,5,125.0
592.0,37,830.0,0.83,3,60.0,4,80.0,5,125.0,2,40.0,4,100.0,4,80.0,4,80.0,4,100.0,2,40.0,5,125.0
593.0,37,830.0,0.83,3,60.0,4,80.0,5,125.0,2,40.0,4,100.0,4,80.0,4,80.0,4,100.0,2,40.0,5,125.0
594.0,37,830.0,0.83,3,60.0,4,80.0,5,125.0,2,40.0,4,100.0,4,80.0,4,80.0,4,100.0,2,40.0,5,125.0
595.0,37,830.0,0.83,3,60.0,4,80.0,5,125.0,2,40.0,4,100.0,4,80.0,4,80.0,4,100.0,2,40.0,5,125.0
596.0,37,830.0,0.83,3,60.0,4,80.0,5,125.0,2,40.0,4,100.0,4,80.0,4,80.0,4,100.0,2,40.0,5,125.0
597.0,37,830.0,0.83,3,60.0,4,80.0,5,125.0,2,40.0,4,100.0,4,80.0,4,80.0,4,100.0,2,40.0,5,125.0
598.0,37,830.0,0.83,3,60.0,4,80.0,5,125.0,2,40.0,4,100.0,4,80.0,4,80.0,4,100.0,2,40.0,5,125.0
599.0,37,830.0,0.83,3,60.0,4,80.0,5,125.0,2,40.0,4,100.0,4,80.0,4,80.0,4,100.0,2,40.0,5,125.0
600.0,36,810.0,0.81,3,60.0,4,80.0,5,125.0,2,40.0,4,100.0,4,80.0,3,60.0,4,100.0,2,40.0,5,125.0
