timestep_sec,total_vehicles_charging,total_vehicles_waiting,total_power_demand_kW,total_power_demand_MW,pa_2_vehicles,pa_2_power_kW,pa_2_rev_vehicles,pa_2_rev_power_kW,pa_3_vehicles,pa_3_power_kW,pa_3_rev_vehicles,pa_3_rev_power_kW,pa_6_vehicles,pa_6_power_kW,pa_6_rev_vehicles,pa_6_rev_power_kW,pa_7_vehicles,pa_7_power_kW,pa_7_rev_vehicles,pa_7_rev_power_kW,pa_8_vehicles,pa_8_power_kW,pa_8_rev_vehicles,pa_8_rev_power_kW
1.0,0,0,0.0,0.0,0,0.0,0,0.0,0,0.0,0,0.0,0,0.0,0,0.0,0,0.0,0,0.0,0,0.0,0,0.0
2.0,0,0,0.0,0.0,0,0.0,0,0.0,0,0.0,0,0.0,0,0.0,0,0.0,0,0.0,0,0.0,0,0.0,0,0.0
3.0,0,0,0.0,0.0,0,0.0,0,0.0,0,0.0,0,0.0,0,0.0,0,0.0,0,0.0,0,0.0,0,0.0,0,0.0
4.0,0,0,0.0,0.0,0,0.0,0,0.0,0,0.0,0,0.0,0,0.0,0,0.0,0,0.0,0,0.0,0,0.0,0,0.0
5.0,0,0,0.0,0.0,0,0.0,0,0.0,0,0.0,0,0.0,0,0.0,0,0.0,0,0.0,0,0.0,0,0.0,0,0.0
6.0,0,0,0.0,0.0,0,0.0,0,0.0,0,0.0,0,0.0,0,0.0,0,0.0,0,0.0,0,0.0,0,0.0,0,0.0
7.0,0,0,0.0,0.0,0,0.0,0,0.0,0,0.0,0,0.0,0,0.0,0,0.0,0,0.0,0,0.0,0,0.0,0,0.0
8.0,0,0,0.0,0.0,0,0.0,0,0.0,0,0.0,0,0.0,0,0.0,0,0.0,0,0.0,0,0.0,0,0.0,0,0.0
9.0,0,0,0.0,0.0,0,0.0,0,0.0,0,0.0,0,0.0,0,0.0,0,0.0,0,0.0,0,0.0,0,0.0,0,0.0
10.0,0,0,0.0,0.0,0,0.0,0,0.0,0,0.0,0,0.0,0,0.0,0,0.0,0,0.0,0,0.0,0,0.0,0,0.0
11.0,0,0,0.0,0.0,0,0.0,0,0.0,0,0.0,0,0.0,0,0.0,0,0.0,0,0.0,0,0.0,0,0.0,0,0.0
12.0,0,0,0.0,0.0,0,0.0,0,0.0,0,0.0,0,0.0,0,0.0,0,0.0,0,0.0,0,0.0,0,0.0,0,0.0
13.0,0,0,0.0,0.0,0,0.0,0,0.0,0,0.0,0,0.0,0,0.0,0,0.0,0,0.0,0,0.0,0,0.0,0,0.0
14.0,0,0,0.0,0.0,0,0.0,0,0.0,0,0.0,0,0.0,0,0.0,0,0.0,0,0.0,0,0.0,0,0.0,0,0.0
15.0,0,0,0.0,0.0,0,0.0,0,0.0,0,0.0,0,0.0,0,0.0,0,0.0,0,0.0,0,0.0,0,0.0,0,0.0
16.0,0,0,0.0,0.0,0,0.0,0,0.0,0,0.0,0,0.0,0,0.0,0,0.0,0,0.0,0,0.0,0,0.0,0,0.0
17.0,0,0,0.0,0.0,0,0.0,0,0.0,0,0.0,0,0.0,0,0.0,0,0.0,0,0.0,0,0.0,0,0.0,0,0.0
18.0,0,0,0.0,0.0,0,0.0,0,0.0,0,0.0,0,0.0,0,0.0,0,0.0,0,0.0,0,0.0,0,0.0,0,0.0
19.0,0,0,0.0,0.0,0,0.0,0,0.0,0,0.0,0,0.0,0,0.0,0,0.0,0,0.0,0,0.0,0,0.0,0,0.0
20.0,0,0,0.0,0.0,0,0.0,0,0.0,0,0.0,0,0.0,0,0.0,0,0.0,0,0.0,0,0.0,0,0.0,0,0.0
21.0,0,0,0.0,0.0,0,0.0,0,0.0,0,0.0,0,0.0,0,0.0,0,0.0,0,0.0,0,0.0,0,0.0,0,0.0
22.0,0,0,0.0,0.0,0,0.0,0,0.0,0,0.0,0,0.0,0,0.0,0,0.0,0,0.0,0,0.0,0,0.0,0,0.0
23.0,0,0,0.0,0.0,0,0.0,0,0.0,0,0.0,0,0.0,0,0.0,0,0.0,0,0.0,0,0.0,0,0.0,0,0.0
24.0,0,0,0.0,0.0,0,0.0,0,0.0,0,0.0,0,0.0,0,0.0,0,0.0,0,0.0,0,0.0,0,0.0,0,0.0
25.0,0,0,0.0,0.0,0,0.0,0,0.0,0,0.0,0,0.0,0,0.0,0,0.0,0,0.0,0,0.0,0,0.0,0,0.0
26.0,0,0,0.0,0.0,0,0.0,0,0.0,0,0.0,0,0.0,0,0.0,0,0.0,0,0.0,0,0.0,0,0.0,0,0.0
27.0,0,0,0.0,0.0,0,0.0,0,0.0,0,0.0,0,0.0,0,0.0,0,0.0,0,0.0,0,0.0,0,0.0,0,0.0
28.0,0,0,0.0,0.0,0,0.0,0,0.0,0,0.0,0,0.0,0,0.0,0,0.0,0,0.0,0,0.0,0,0.0,0,0.0
29.0,0,0,0.0,0.0,0,0.0,0,0.0,0,0.0,0,0.0,0,0.0,0,0.0,0,0.0,0,0.0,0,0.0,0,0.0
30.0,0,0,0.0,0.0,0,0.0,0,0.0,0,0.0,0,0.0,0,0.0,0,0.0,0,0.0,0,0.0,0,0.0,0,0.0
31.0,0,0,0.0,0.0,0,0.0,0,0.0,0,0.0,0,0.0,0,0.0,0,0.0,0,0.0,0,0.0,0,0.0,0,0.0
32.0,0,0,0.0,0.0,0,0.0,0,0.0,0,0.0,0,0.0,0,0.0,0,0.0,0,0.0,0,0.0,0,0.0,0,0.0
33.0,0,0,0.0,0.0,0,0.0,0,0.0,0,0.0,0,0.0,0,0.0,0,0.0,0,0.0,0,0.0,0,0.0,0,0.0
34.0,0,0,0.0,0.0,0,0.0,0,0.0,0,0.0,0,0.0,0,0.0,0,0.0,0,0.0,0,0.0,0,0.0,0,0.0
35.0,0,0,0.0,0.0,0,0.0,0,0.0,0,0.0,0,0.0,0,0.0,0,0.0,0,0.0,0,0.0,0,0.0,0,0.0
36.0,0,0,0.0,0.0,0,0.0,0,0.0,0,0.0,0,0.0,0,0.0,0,0.0,0,0.0,0,0.0,0,0.0,0,0.0
37.0,0,0,0.0,0.0,0,0.0,0,0.0,0,0.0,0,0.0,0,0.0,0,0.0,0,0.0,0,0.0,0,0.0,0,0.0
38.0,0,0,0.0,0.0,0,0.0,0,0.0,0,0.0,0,0.0,0,0.0,0,0.0,0,0.0,0,0.0,0,0.0,0,0.0
39.0,0,0,0.0,0.0,0,0.0,0,0.0,0,0.0,0,0.0,0,0.0,0,0.0,0,0.0,0,0.0,0,0.0,0,0.0
40.0,0,0,0.0,0.0,0,0.0,0,0.0,0,0.0,0,0.0,0,0.0,0,0.0,0,0.0,0,0.0,0,0.0,0,0.0
41.0,0,0,0.0,0.0,0,0.0,0,0.0,0,0.0,0,0.0,0,0.0,0,0.0,0,0.0,0,0.0,0,0.0,0,0.0
42.0,0,0,0.0,0.0,0,0.0,0,0.0,0,0.0,0,0.0,0,0.0,0,0.0,0,0.0,0,0.0,0,0.0,0,0.0
43.0,0,0,0.0,0.0,0,0.0,0,0.0,0,0.0,0,0.0,0,0.0,0,0.0,0,0.0,0,0.0,0,0.0,0,0.0
44.0,0,0,0.0,0.0,0,0.0,0,0.0,0,0.0,0,0.0,0,0.0,0,0.0,0,0.0,0,0.0,0,0.0,0,0.0
45.0,0,0,0.0,0.0,0,0.0,0,0.0,0,0.0,0,0.0,0,0.0,0,0.0,0,0.0,0,0.0,0,0.0,0,0.0
46.0,0,0,0.0,0.0,0,0.0,0,0.0,0,0.0,0,0.0,0,0.0,0,0.0,0,0.0,0,0.0,0,0.0,0,0.0
47.0,0,0,0.0,0.0,0,0.0,0,0.0,0,0.0,0,0.0,0,0.0,0,0.0,0,0.0,0,0.0,0,0.0,0,0.0
48.0,0,0,0.0,0.0,0,0.0,0,0.0,0,0.0,0,0.0,0,0.0,0,0.0,0,0.0,0,0.0,0,0.0,0,0.0
49.0,0,0,0.0,0.0,0,0.0,0,0.0,0,0.0,0,0.0,0,0.0,0,0.0,0,0.0,0,0.0,0,0.0,0,0.0
50.0,0,0,0.0,0.0,0,0.0,0,0.0,0,0.0,0,0.0,0,0.0,0,0.0,0,0.0,0,0.0,0,0.0,0,0.0
51.0,0,0,0.0,0.0,0,0.0,0,0.0,0,0.0,0,0.0,0,0.0,0,0.0,0,0.0,0,0.0,0,0.0,0,0.0
52.0,0,0,0.0,0.0,0,0.0,0,0.0,0,0.0,0,0.0,0,0.0,0,0.0,0,0.0,0,0.0,0,0.0,0,0.0
53.0,0,0,0.0,0.0,0,0.0,0,0.0,0,0.0,0,0.0,0,0.0,0,0.0,0,0.0,0,0.0,0,0.0,0,0.0
54.0,0,0,0.0,0.0,0,0.0,0,0.0,0,0.0,0,0.0,0,0.0,0,0.0,0,0.0,0,0.0,0,0.0,0,0.0
55.0,0,0,0.0,0.0,0,0.0,0,0.0,0,0.0,0,0.0,0,0.0,0,0.0,0,0.0,0,0.0,0,0.0,0,0.0
56.0,0,0,0.0,0.0,0,0.0,0,0.0,0,0.0,0,0.0,0,0.0,0,0.0,0,0.0,0,0.0,0,0.0,0,0.0
57.0,0,0,0.0,0.0,0,0.0,0,0.0,0,0.0,0,0.0,0,0.0,0,0.0,0,0.0,0,0.0,0,0.0,0,0.0
58.0,0,0,0.0,0.0,0,0.0,0,0.0,0,0.0,0,0.0,0,0.0,0,0.0,0,0.0,0,0.0,0,0.0,0,0.0
59.0,0,0,0.0,0.0,0,0.0,0,0.0,0,0.0,0,0.0,0,0.0,0,0.0,0,0.0,0,0.0,0,0.0,0,0.0
60.0,0,0,0.0,0.0,0,0.0,0,0.0,0,0.0,0,0.0,0,0.0,0,0.0,0,0.0,0,0.0,0,0.0,0,0.0
61.0,0,0,0.0,0.0,0,0.0,0,0.0,0,0.0,0,0.0,0,0.0,0,0.0,0,0.0,0,0.0,0,0.0,0,0.0
62.0,0,0,0.0,0.0,0,0.0,0,0.0,0,0.0,0,0.0,0,0.0,0,0.0,0,0.0,0,0.0,0,0.0,0,0.0
63.0,0,0,0.0,0.0,0,0.0,0,0.0,0,0.0,0,0.0,0,0.0,0,0.0,0,0.0,0,0.0,0,0.0,0,0.0
64.0,0,0,0.0,0.0,0,0.0,0,0.0,0,0.0,0,0.0,0,0.0,0,0.0,0,0.0,0,0.0,0,0.0,0,0.0
65.0,0,0,0.0,0.0,0,0.0,0,0.0,0,0.0,0,0.0,0,0.0,0,0.0,0,0.0,0,0.0,0,0.0,0,0.0
66.0,0,0,0.0,0.0,0,0.0,0,0.0,0,0.0,0,0.0,0,0.0,0,0.0,0,0.0,0,0.0,0,0.0,0,0.0
67.0,0,0,0.0,0.0,0,0.0,0,0.0,0,0.0,0,0.0,0,0.0,0,0.0,0,0.0,0,0.0,0,0.0,0,0.0
68.0,0,0,0.0,0.0,0,0.0,0,0.0,0,0.0,0,0.0,0,0.0,0,0.0,0,0.0,0,0.0,0,0.0,0,0.0
69.0,0,0,0.0,0.0,0,0.0,0,0.0,0,0.0,0,0.0,0,0.0,0,0.0,0,0.0,0,0.0,0,0.0,0,0.0
70.0,0,0,0.0,0.0,0,0.0,0,0.0,0,0.0,0,0.0,0,0.0,0,0.0,0,0.0,0,0.0,0,0.0,0,0.0
71.0,0,0,0.0,0.0,0,0.0,0,0.0,0,0.0,0,0.0,0,0.0,0,0.0,0,0.0,0,0.0,0,0.0,0,0.0
72.0,0,0,0.0,0.0,0,0.0,0,0.0,0,0.0,0,0.0,0,0.0,0,0.0,0,0.0,0,0.0,0,0.0,0,0.0
73.0,0,0,0.0,0.0,0,0.0,0,0.0,0,0.0,0,0.0,0,0.0,0,0.0,0,0.0,0,0.0,0,0.0,0,0.0
74.0,0,0,0.0,0.0,0,0.0,0,0.0,0,0.0,0,0.0,0,0.0,0,0.0,0,0.0,0,0.0,0,0.0,0,0.0
75.0,0,0,0.0,0.0,0,0.0,0,0.0,0,0.0,0,0.0,0,0.0,0,0.0,0,0.0,0,0.0,0,0.0,0,0.0
76.0,0,0,0.0,0.0,0,0.0,0,0.0,0,0.0,0,0.0,0,0.0,0,0.0,0,0.0,0,0.0,0,0.0,0,0.0
77.0,0,0,0.0,0.0,0,0.0,0,0.0,0,0.0,0,0.0,0,0.0,0,0.0,0,0.0,0,0.0,0,0.0,0,0.0
78.0,0,0,0.0,0.0,0,0.0,0,0.0,0,0.0,0,0.0,0,0.0,0,0.0,0,0.0,0,0.0,0,0.0,0,0.0
79.0,0,0,0.0,0.0,0,0.0,0,0.0,0,0.0,0,0.0,0,0.0,0,0.0,0,0.0,0,0.0,0,0.0,0,0.0
80.0,0,0,0.0,0.0,0,0.0,0,0.0,0,0.0,0,0.0,0,0.0,0,0.0,0,0.0,0,0.0,0,0.0,0,0.0
81.0,0,0,0.0,0.0,0,0.0,0,0.0,0,0.0,0,0.0,0,0.0,0,0.0,0,0.0,0,0.0,0,0.0,0,0.0
82.0,0,0,0.0,0.0,0,0.0,0,0.0,0,0.0,0,0.0,0,0.0,0,0.0,0,0.0,0,0.0,0,0.0,0,0.0
83.0,0,0,0.0,0.0,0,0.0,0,0.0,0,0.0,0,0.0,0,0.0,0,0.0,0,0.0,0,0.0,0,0.0,0,0.0
84.0,0,0,0.0,0.0,0,0.0,0,0.0,0,0.0,0,0.0,0,0.0,0,0.0,0,0.0,0,0.0,0,0.0,0,0.0
85.0,0,0,0.0,0.0,0,0.0,0,0.0,0,0.0,0,0.0,0,0.0,0,0.0,0,0.0,0,0.0,0,0.0,0,0.0
86.0,0,0,0.0,0.0,0,0.0,0,0.0,0,0.0,0,0.0,0,0.0,0,0.0,0,0.0,0,0.0,0,0.0,0,0.0
87.0,0,0,0.0,0.0,0,0.0,0,0.0,0,0.0,0,0.0,0,0.0,0,0.0,0,0.0,0,0.0,0,0.0,0,0.0
88.0,0,0,0.0,0.0,0,0.0,0,0.0,0,0.0,0,0.0,0,0.0,0,0.0,0,0.0,0,0.0,0,0.0,0,0.0
89.0,0,0,0.0,0.0,0,0.0,0,0.0,0,0.0,0,0.0,0,0.0,0,0.0,0,0.0,0,0.0,0,0.0,0,0.0
90.0,0,0,0.0,0.0,0,0.0,0,0.0,0,0.0,0,0.0,0,0.0,0,0.0,0,0.0,0,0.0,0,0.0,0,0.0
91.0,0,0,0.0,0.0,0,0.0,0,0.0,0,0.0,0,0.0,0,0.0,0,0.0,0,0.0,0,0.0,0,0.0,0,0.0
92.0,0,0,0.0,0.0,0,0.0,0,0.0,0,0.0,0,0.0,0,0.0,0,0.0,0,0.0,0,0.0,0,0.0,0,0.0
93.0,0,0,0.0,0.0,0,0.0,0,0.0,0,0.0,0,0.0,0,0.0,0,0.0,0,0.0,0,0.0,0,0.0,0,0.0
94.0,0,0,0.0,0.0,0,0.0,0,0.0,0,0.0,0,0.0,0,0.0,0,0.0,0,0.0,0,0.0,0,0.0,0,0.0
95.0,0,0,0.0,0.0,0,0.0,0,0.0,0,0.0,0,0.0,0,0.0,0,0.0,0,0.0,0,0.0,0,0.0,0,0.0
96.0,0,0,0.0,0.0,0,0.0,0,0.0,0,0.0,0,0.0,0,0.0,0,0.0,0,0.0,0,0.0,0,0.0,0,0.0
97.0,0,0,0.0,0.0,0,0.0,0,0.0,0,0.0,0,0.0,0,0.0,0,0.0,0,0.0,0,0.0,0,0.0,0,0.0
98.0,0,0,0.0,0.0,0,0.0,0,0.0,0,0.0,0,0.0,0,0.0,0,0.0,0,0.0,0,0.0,0,0.0,0,0.0
99.0,0,0,0.0,0.0,0,0.0,0,0.0,0,0.0,0,0.0,0,0.0,0,0.0,0,0.0,0,0.0,0,0.0,0,0.0
100.0,0,0,0.0,0.0,0,0.0,0,0.0,0,0.0,0,0.0,0,0.0,0,0.0,0,0.0,0,0.0,0,0.0,0,0.0
101.0,1,0,25.0,0.025,0,0.0,0,0.0,0,0.0,0,0.0,1,25.0,0,0.0,0,0.0,0,0.0,0,0.0,0,0.0
102.0,1,0,25.0,0.025,0,0.0,0,0.0,0,0.0,0,0.0,1,25.0,0,0.0,0,0.0,0,0.0,0,0.0,0,0.0
103.0,1,0,25.0,0.025,0,0.0,0,0.0,0,0.0,0,0.0,1,25.0,0,0.0,0,0.0,0,0.0,0,0.0,0,0.0
104.0,1,0,25.0,0.025,0,0.0,0,0.0,0,0.0,0,0.0,1,25.0,0,0.0,0,0.0,0,0.0,0,0.0,0,0.0
105.0,1,0,25.0,0.025,0,0.0,0,0.0,0,0.0,0,0.0,1,25.0,0,0.0,0,0.0,0,0.0,0,0.0,0,0.0
106.0,1,0,25.0,0.025,0,0.0,0,0.0,0,0.0,0,0.0,1,25.0,0,0.0,0,0.0,0,0.0,0,0.0,0,0.0
107.0,1,0,25.0,0.025,0,0.0,0,0.0,0,0.0,0,0.0,1,25.0,0,0.0,0,0.0,0,0.0,0,0.0,0,0.0
108.0,1,0,25.0,0.025,0,0.0,0,0.0,0,0.0,0,0.0,1,25.0,0,0.0,0,0.0,0,0.0,0,0.0,0,0.0
109.0,1,0,25.0,0.025,0,0.0,0,0.0,0,0.0,0,0.0,1,25.0,0,0.0,0,0.0,0,0.0,0,0.0,0,0.0
110.0,1,0,25.0,0.025,0,0.0,0,0.0,0,0.0,0,0.0,1,25.0,0,0.0,0,0.0,0,0.0,0,0.0,0,0.0
111.0,1,0,25.0,0.025,0,0.0,0,0.0,0,0.0,0,0.0,1,25.0,0,0.0,0,0.0,0,0.0,0,0.0,0,0.0
112.0,1,0,25.0,0.025,0,0.0,0,0.0,0,0.0,0,0.0,1,25.0,0,0.0,0,0.0,0,0.0,0,0.0,0,0.0
113.0,1,0,25.0,0.025,0,0.0,0,0.0,0,0.0,0,0.0,1,25.0,0,0.0,0,0.0,0,0.0,0,0.0,0,0.0
114.0,1,0,25.0,0.025,0,0.0,0,0.0,0,0.0,0,0.0,1,25.0,0,0.0,0,0.0,0,0.0,0,0.0,0,0.0
115.0,1,0,25.0,0.025,0,0.0,0,0.0,0,0.0,0,0.0,1,25.0,0,0.0,0,0.0,0,0.0,0,0.0,0,0.0
116.0,2,0,45.0,0.045,1,20.0,0,0.0,0,0.0,0,0.0,1,25.0,0,0.0,0,0.0,0,0.0,0,0.0,0,0.0
117.0,2,0,45.0,0.045,1,20.0,0,0.0,0,0.0,0,0.0,1,25.0,0,0.0,0,0.0,0,0.0,0,0.0,0,0.0
118.0,2,0,45.0,0.045,1,20.0,0,0.0,0,0.0,0,0.0,1,25.0,0,0.0,0,0.0,0,0.0,0,0.0,0,0.0
119.0,3,0,65.0,0.065,2,40.0,0,0.0,0,0.0,0,0.0,1,25.0,0,0.0,0,0.0,0,0.0,0,0.0,0,0.0
120.0,3,0,65.0,0.065,2,40.0,0,0.0,0,0.0,0,0.0,1,25.0,0,0.0,0,0.0,0,0.0,0,0.0,0,0.0
121.0,3,0,65.0,0.065,2,40.0,0,0.0,0,0.0,0,0.0,1,25.0,0,0.0,0,0.0,0,0.0,0,0.0,0,0.0
122.0,4,0,85.0,0.085,3,60.0,0,0.0,0,0.0,0,0.0,1,25.0,0,0.0,0,0.0,0,0.0,0,0.0,0,0.0
123.0,4,0,85.0,0.085,3,60.0,0,0.0,0,0.0,0,0.0,1,25.0,0,0.0,0,0.0,0,0.0,0,0.0,0,0.0
124.0,4,0,85.0,0.085,3,60.0,0,0.0,0,0.0,0,0.0,1,25.0,0,0.0,0,0.0,0,0.0,0,0.0,0,0.0
125.0,4,0,85.0,0.085,3,60.0,0,0.0,0,0.0,0,0.0,1,25.0,0,0.0,0,0.0,0,0.0,0,0.0,0,0.0
126.0,4,0,85.0,0.085,3,60.0,0,0.0,0,0.0,0,0.0,1,25.0,0,0.0,0,0.0,0,0.0,0,0.0,0,0.0
127.0,4,0,85.0,0.085,3,60.0,0,0.0,0,0.0,0,0.0,1,25.0,0,0.0,0,0.0,0,0.0,0,0.0,0,0.0
128.0,4,0,85.0,0.085,3,60.0,0,0.0,0,0.0,0,0.0,1,25.0,0,0.0,0,0.0,0,0.0,0,0.0,0,0.0
129.0,4,0,85.0,0.085,3,60.0,0,0.0,0,0.0,0,0.0,1,25.0,0,0.0,0,0.0,0,0.0,0,0.0,0,0.0
130.0,4,0,85.0,0.085,3,60.0,0,0.0,0,0.0,0,0.0,1,25.0,0,0.0,0,0.0,0,0.0,0,0.0,0,0.0
131.0,4,0,85.0,0.085,3,60.0,0,0.0,0,0.0,0,0.0,1,25.0,0,0.0,0,0.0,0,0.0,0,0.0,0,0.0
132.0,4,0,85.0,0.085,3,60.0,0,0.0,0,0.0,0,0.0,1,25.0,0,0.0,0,0.0,0,0.0,0,0.0,0,0.0
133.0,4,0,85.0,0.085,3,60.0,0,0.0,0,0.0,0,0.0,1,25.0,0,0.0,0,0.0,0,0.0,0,0.0,0,0.0
134.0,4,0,85.0,0.085,3,60.0,0,0.0,0,0.0,0,0.0,1,25.0,0,0.0,0,0.0,0,0.0,0,0.0,0,0.0
135.0,4,0,85.0,0.085,3,60.0,0,0.0,0,0.0,0,0.0,1,25.0,0,0.0,0,0.0,0,0.0,0,0.0,0,0.0
136.0,4,0,85.0,0.085,3,60.0,0,0.0,0,0.0,0,0.0,1,25.0,0,0.0,0,0.0,0,0.0,0,0.0,0,0.0
137.0,4,0,85.0,0.085,3,60.0,0,0.0,0,0.0,0,0.0,1,25.0,0,0.0,0,0.0,0,0.0,0,0.0,0,0.0
138.0,4,0,85.0,0.085,3,60.0,0,0.0,0,0.0,0,0.0,1,25.0,0,0.0,0,0.0,0,0.0,0,0.0,0,0.0
139.0,4,0,85.0,0.085,3,60.0,0,0.0,0,0.0,0,0.0,1,25.0,0,0.0,0,0.0,0,0.0,0,0.0,0,0.0
140.0,4,0,85.0,0.085,3,60.0,0,0.0,0,0.0,0,0.0,1,25.0,0,0.0,0,0.0,0,0.0,0,0.0,0,0.0
141.0,4,0,85.0,0.085,3,60.0,0,0.0,0,0.0,0,0.0,1,25.0,0,0.0,0,0.0,0,0.0,0,0.0,0,0.0
142.0,4,0,85.0,0.085,3,60.0,0,0.0,0,0.0,0,0.0,1,25.0,0,0.0,0,0.0,0,0.0,0,0.0,0,0.0
143.0,4,0,85.0,0.085,3,60.0,0,0.0,0,0.0,0,0.0,1,25.0,0,0.0,0,0.0,0,0.0,0,0.0,0,0.0
144.0,4,0,85.0,0.085,3,60.0,0,0.0,0,0.0,0,0.0,1,25.0,0,0.0,0,0.0,0,0.0,0,0.0,0,0.0
145.0,4,0,85.0,0.085,3,60.0,0,0.0,0,0.0,0,0.0,1,25.0,0,0.0,0,0.0,0,0.0,0,0.0,0,0.0
146.0,4,0,85.0,0.085,3,60.0,0,0.0,0,0.0,0,0.0,1,25.0,0,0.0,0,0.0,0,0.0,0,0.0,0,0.0
147.0,4,0,85.0,0.085,3,60.0,0,0.0,0,0.0,0,0.0,1,25.0,0,0.0,0,0.0,0,0.0,0,0.0,0,0.0
148.0,4,0,85.0,0.085,3,60.0,0,0.0,0,0.0,0,0.0,1,25.0,0,0.0,0,0.0,0,0.0,0,0.0,0,0.0
149.0,4,0,85.0,0.085,3,60.0,0,0.0,0,0.0,0,0.0,1,25.0,0,0.0,0,0.0,0,0.0,0,0.0,0,0.0
150.0,4,0,85.0,0.085,3,60.0,0,0.0,0,0.0,0,0.0,1,25.0,0,0.0,0,0.0,0,0.0,0,0.0,0,0.0
151.0,4,0,85.0,0.085,3,60.0,0,0.0,0,0.0,0,0.0,1,25.0,0,0.0,0,0.0,0,0.0,0,0.0,0,0.0
152.0,4,0,85.0,0.085,3,60.0,0,0.0,0,0.0,0,0.0,1,25.0,0,0.0,0,0.0,0,0.0,0,0.0,0,0.0
153.0,4,0,85.0,0.085,3,60.0,0,0.0,0,0.0,0,0.0,1,25.0,0,0.0,0,0.0,0,0.0,0,0.0,0,0.0
154.0,4,0,85.0,0.085,3,60.0,0,0.0,0,0.0,0,0.0,1,25.0,0,0.0,0,0.0,0,0.0,0,0.0,0,0.0
155.0,4,0,85.0,0.085,3,60.0,0,0.0,0,0.0,0,0.0,1,25.0,0,0.0,0,0.0,0,0.0,0,0.0,0,0.0
156.0,4,0,85.0,0.085,3,60.0,0,0.0,0,0.0,0,0.0,1,25.0,0,0.0,0,0.0,0,0.0,0,0.0,0,0.0
157.0,4,0,85.0,0.085,3,60.0,0,0.0,0,0.0,0,0.0,1,25.0,0,0.0,0,0.0,0,0.0,0,0.0,0,0.0
158.0,4,0,85.0,0.085,3,60.0,0,0.0,0,0.0,0,0.0,1,25.0,0,0.0,0,0.0,0,0.0,0,0.0,0,0.0
159.0,4,0,85.0,0.085,3,60.0,0,0.0,0,0.0,0,0.0,1,25.0,0,0.0,0,0.0,0,0.0,0,0.0,0,0.0
160.0,4,0,85.0,0.085,3,60.0,0,0.0,0,0.0,0,0.0,1,25.0,0,0.0,0,0.0,0,0.0,0,0.0,0,0.0
161.0,4,0,85.0,0.085,3,60.0,0,0.0,0,0.0,0,0.0,1,25.0,0,0.0,0,0.0,0,0.0,0,0.0,0,0.0
162.0,4,0,85.0,0.085,3,60.0,0,0.0,0,0.0,0,0.0,1,25.0,0,0.0,0,0.0,0,0.0,0,0.0,0,0.0
163.0,4,0,85.0,0.085,3,60.0,0,0.0,0,0.0,0,0.0,1,25.0,0,0.0,0,0.0,0,0.0,0,0.0,0,0.0
164.0,5,0,110.0,0.11,3,60.0,0,0.0,0,0.0,0,0.0,1,25.0,0,0.0,0,0.0,0,0.0,0,0.0,1,25.0
165.0,5,0,110.0,0.11,3,60.0,0,0.0,0,0.0,0,0.0,1,25.0,0,0.0,0,0.0,0,0.0,0,0.0,1,25.0
166.0,5,0,110.0,0.11,3,60.0,0,0.0,0,0.0,0,0.0,1,25.0,0,0.0,0,0.0,0,0.0,0,0.0,1,25.0
167.0,5,0,110.0,0.11,3,60.0,0,0.0,0,0.0,0,0.0,1,25.0,0,0.0,0,0.0,0,0.0,0,0.0,1,25.0
168.0,5,0,110.0,0.11,3,60.0,0,0.0,0,0.0,0,0.0,1,25.0,0,0.0,0,0.0,0,0.0,0,0.0,1,25.0
169.0,5,0,110.0,0.11,3,60.0,0,0.0,0,0.0,0,0.0,1,25.0,0,0.0,0,0.0,0,0.0,0,0.0,1,25.0
170.0,5,0,110.0,0.11,3,60.0,0,0.0,0,0.0,0,0.0,1,25.0,0,0.0,0,0.0,0,0.0,0,0.0,1,25.0
171.0,5,0,110.0,0.11,3,60.0,0,0.0,0,0.0,0,0.0,1,25.0,0,0.0,0,0.0,0,0.0,0,0.0,1,25.0
172.0,6,0,130.0,0.13,4,80.0,0,0.0,0,0.0,0,0.0,1,25.0,0,0.0,0,0.0,0,0.0,0,0.0,1,25.0
173.0,6,0,130.0,0.13,4,80.0,0,0.0,0,0.0,0,0.0,1,25.0,0,0.0,0,0.0,0,0.0,0,0.0,1,25.0
174.0,6,0,130.0,0.13,4,80.0,0,0.0,0,0.0,0,0.0,1,25.0,0,0.0,0,0.0,0,0.0,0,0.0,1,25.0
175.0,6,0,130.0,0.13,4,80.0,0,0.0,0,0.0,0,0.0,1,25.0,0,0.0,0,0.0,0,0.0,0,0.0,1,25.0
176.0,6,0,130.0,0.13,4,80.0,0,0.0,0,0.0,0,0.0,1,25.0,0,0.0,0,0.0,0,0.0,0,0.0,1,25.0
177.0,6,0,130.0,0.13,4,80.0,0,0.0,0,0.0,0,0.0,1,25.0,0,0.0,0,0.0,0,0.0,0,0.0,1,25.0
178.0,6,0,130.0,0.13,4,80.0,0,0.0,0,0.0,0,0.0,1,25.0,0,0.0,0,0.0,0,0.0,0,0.0,1,25.0
179.0,6,0,130.0,0.13,4,80.0,0,0.0,0,0.0,0,0.0,1,25.0,0,0.0,0,0.0,0,0.0,0,0.0,1,25.0
180.0,6,0,130.0,0.13,4,80.0,0,0.0,0,0.0,0,0.0,1,25.0,0,0.0,0,0.0,0,0.0,0,0.0,1,25.0
181.0,6,0,130.0,0.13,4,80.0,0,0.0,0,0.0,0,0.0,1,25.0,0,0.0,0,0.0,0,0.0,0,0.0,1,25.0
182.0,6,0,130.0,0.13,4,80.0,0,0.0,0,0.0,0,0.0,1,25.0,0,0.0,0,0.0,0,0.0,0,0.0,1,25.0
183.0,6,0,130.0,0.13,4,80.0,0,0.0,0,0.0,0,0.0,1,25.0,0,0.0,0,0.0,0,0.0,0,0.0,1,25.0
184.0,6,0,130.0,0.13,4,80.0,0,0.0,0,0.0,0,0.0,1,25.0,0,0.0,0,0.0,0,0.0,0,0.0,1,25.0
185.0,6,0,130.0,0.13,4,80.0,0,0.0,0,0.0,0,0.0,1,25.0,0,0.0,0,0.0,0,0.0,0,0.0,1,25.0
186.0,6,1,130.0,0.13,4,80.0,0,0.0,0,0.0,0,0.0,1,25.0,0,0.0,0,0.0,0,0.0,0,0.0,1,25.0
187.0,6,1,130.0,0.13,4,80.0,0,0.0,0,0.0,0,0.0,1,25.0,0,0.0,0,0.0,0,0.0,0,0.0,1,25.0
188.0,6,1,130.0,0.13,4,80.0,0,0.0,0,0.0,0,0.0,1,25.0,0,0.0,0,0.0,0,0.0,0,0.0,1,25.0
189.0,6,1,130.0,0.13,4,80.0,0,0.0,0,0.0,0,0.0,1,25.0,0,0.0,0,0.0,0,0.0,0,0.0,1,25.0
190.0,6,1,130.0,0.13,4,80.0,0,0.0,0,0.0,0,0.0,1,25.0,0,0.0,0,0.0,0,0.0,0,0.0,1,25.0
191.0,6,1,130.0,0.13,4,80.0,0,0.0,0,0.0,0,0.0,1,25.0,0,0.0,0,0.0,0,0.0,0,0.0,1,25.0
192.0,7,1,155.0,0.155,4,80.0,0,0.0,0,0.0,0,0.0,2,50.0,0,0.0,0,0.0,0,0.0,0,0.0,1,25.0
193.0,7,1,155.0,0.155,4,80.0,0,0.0,0,0.0,0,0.0,2,50.0,0,0.0,0,0.0,0,0.0,0,0.0,1,25.0
194.0,7,1,155.0,0.155,4,80.0,0,0.0,0,0.0,0,0.0,2,50.0,0,0.0,0,0.0,0,0.0,0,0.0,1,25.0
195.0,7,1,155.0,0.155,4,80.0,0,0.0,0,0.0,0,0.0,2,50.0,0,0.0,0,0.0,0,0.0,0,0.0,1,25.0
196.0,7,1,155.0,0.155,4,80.0,0,0.0,0,0.0,0,0.0,2,50.0,0,0.0,0,0.0,0,0.0,0,0.0,1,25.0
197.0,7,1,155.0,0.155,4,80.0,0,0.0,0,0.0,0,0.0,2,50.0,0,0.0,0,0.0,0,0.0,0,0.0,1,25.0
198.0,7,1,155.0,0.155,4,80.0,0,0.0,0,0.0,0,0.0,2,50.0,0,0.0,0,0.0,0,0.0,0,0.0,1,25.0
199.0,7,1,155.0,0.155,4,80.0,0,0.0,0,0.0,0,0.0,2,50.0,0,0.0,0,0.0,0,0.0,0,0.0,1,25.0
200.0,7,1,155.0,0.155,4,80.0,0,0.0,0,0.0,0,0.0,2,50.0,0,0.0,0,0.0,0,0.0,0,0.0,1,25.0
201.0,7,1,155.0,0.155,4,80.0,0,0.0,0,0.0,0,0.0,2,50.0,0,0.0,0,0.0,0,0.0,0,0.0,1,25.0
202.0,7,1,155.0,0.155,4,80.0,0,0.0,0,0.0,0,0.0,2,50.0,0,0.0,0,0.0,0,0.0,0,0.0,1,25.0
203.0,7,1,155.0,0.155,4,80.0,0,0.0,0,0.0,0,0.0,2,50.0,0,0.0,0,0.0,0,0.0,0,0.0,1,25.0
204.0,7,1,155.0,0.155,4,80.0,0,0.0,0,0.0,0,0.0,2,50.0,0,0.0,0,0.0,0,0.0,0,0.0,1,25.0
205.0,7,1,155.0,0.155,4,80.0,0,0.0,0,0.0,0,0.0,2,50.0,0,0.0,0,0.0,0,0.0,0,0.0,1,25.0
206.0,7,1,155.0,0.155,4,80.0,0,0.0,0,0.0,0,0.0,2,50.0,0,0.0,0,0.0,0,0.0,0,0.0,1,25.0
207.0,7,1,155.0,0.155,4,80.0,0,0.0,0,0.0,0,0.0,2,50.0,0,0.0,0,0.0,0,0.0,0,0.0,1,25.0
208.0,7,1,155.0,0.155,4,80.0,0,0.0,0,0.0,0,0.0,2,50.0,0,0.0,0,0.0,0,0.0,0,0.0,1,25.0
209.0,7,1,155.0,0.155,4,80.0,0,0.0,0,0.0,0,0.0,2,50.0,0,0.0,0,0.0,0,0.0,0,0.0,1,25.0
210.0,7,1,155.0,0.155,4,80.0,0,0.0,0,0.0,0,0.0,2,50.0,0,0.0,0,0.0,0,0.0,0,0.0,1,25.0
211.0,7,1,155.0,0.155,4,80.0,0,0.0,0,0.0,0,0.0,2,50.0,0,0.0,0,0.0,0,0.0,0,0.0,1,25.0
212.0,7,1,155.0,0.155,4,80.0,0,0.0,0,0.0,0,0.0,2,50.0,0,0.0,0,0.0,0,0.0,0,0.0,1,25.0
213.0,7,1,155.0,0.155,4,80.0,0,0.0,0,0.0,0,0.0,2,50.0,0,0.0,0,0.0,0,0.0,0,0.0,1,25.0
214.0,7,2,155.0,0.155,4,80.0,0,0.0,0,0.0,0,0.0,2,50.0,0,0.0,0,0.0,0,0.0,0,0.0,1,25.0
215.0,7,2,155.0,0.155,4,80.0,0,0.0,0,0.0,0,0.0,2,50.0,0,0.0,0,0.0,0,0.0,0,0.0,1,25.0
216.0,7,2,155.0,0.155,4,80.0,0,0.0,0,0.0,0,0.0,2,50.0,0,0.0,0,0.0,0,0.0,0,0.0,1,25.0
217.0,7,2,155.0,0.155,4,80.0,0,0.0,0,0.0,0,0.0,2,50.0,0,0.0,0,0.0,0,0.0,0,0.0,1,25.0
218.0,7,2,155.0,0.155,4,80.0,0,0.0,0,0.0,0,0.0,2,50.0,0,0.0,0,0.0,0,0.0,0,0.0,1,25.0
219.0,7,2,155.0,0.155,4,80.0,0,0.0,0,0.0,0,0.0,2,50.0,0,0.0,0,0.0,0,0.0,0,0.0,1,25.0
220.0,7,2,155.0,0.155,4,80.0,0,0.0,0,0.0,0,0.0,2,50.0,0,0.0,0,0.0,0,0.0,0,0.0,1,25.0
221.0,7,2,155.0,0.155,4,80.0,0,0.0,0,0.0,0,0.0,2,50.0,0,0.0,0,0.0,0,0.0,0,0.0,1,25.0
222.0,7,2,155.0,0.155,4,80.0,0,0.0,0,0.0,0,0.0,2,50.0,0,0.0,0,0.0,0,0.0,0,0.0,1,25.0
223.0,7,2,155.0,0.155,4,80.0,0,0.0,0,0.0,0,0.0,2,50.0,0,0.0,0,0.0,0,0.0,0,0.0,1,25.0
224.0,7,2,155.0,0.155,4,80.0,0,0.0,0,0.0,0,0.0,2,50.0,0,0.0,0,0.0,0,0.0,0,0.0,1,25.0
225.0,7,2,155.0,0.155,4,80.0,0,0.0,0,0.0,0,0.0,2,50.0,0,0.0,0,0.0,0,0.0,0,0.0,1,25.0
226.0,7,2,155.0,0.155,4,80.0,0,0.0,0,0.0,0,0.0,2,50.0,0,0.0,0,0.0,0,0.0,0,0.0,1,25.0
227.0,7,2,155.0,0.155,4,80.0,0,0.0,0,0.0,0,0.0,2,50.0,0,0.0,0,0.0,0,0.0,0,0.0,1,25.0
228.0,7,2,155.0,0.155,4,80.0,0,0.0,0,0.0,0,0.0,2,50.0,0,0.0,0,0.0,0,0.0,0,0.0,1,25.0
229.0,7,2,155.0,0.155,4,80.0,0,0.0,0,0.0,0,0.0,2,50.0,0,0.0,0,0.0,0,0.0,0,0.0,1,25.0
230.0,7,2,155.0,0.155,4,80.0,0,0.0,0,0.0,0,0.0,2,50.0,0,0.0,0,0.0,0,0.0,0,0.0,1,25.0
231.0,7,2,155.0,0.155,4,80.0,0,0.0,0,0.0,0,0.0,2,50.0,0,0.0,0,0.0,0,0.0,0,0.0,1,25.0
232.0,7,2,155.0,0.155,4,80.0,0,0.0,0,0.0,0,0.0,2,50.0,0,0.0,0,0.0,0,0.0,0,0.0,1,25.0
233.0,7,2,155.0,0.155,4,80.0,0,0.0,0,0.0,0,0.0,2,50.0,0,0.0,0,0.0,0,0.0,0,0.0,1,25.0
234.0,7,2,155.0,0.155,4,80.0,0,0.0,0,0.0,0,0.0,2,50.0,0,0.0,0,0.0,0,0.0,0,0.0,1,25.0
235.0,7,2,155.0,0.155,4,80.0,0,0.0,0,0.0,0,0.0,2,50.0,0,0.0,0,0.0,0,0.0,0,0.0,1,25.0
236.0,7,2,155.0,0.155,4,80.0,0,0.0,0,0.0,0,0.0,2,50.0,0,0.0,0,0.0,0,0.0,0,0.0,1,25.0
237.0,8,2,180.0,0.18,4,80.0,0,0.0,0,0.0,0,0.0,2,50.0,0,0.0,0,0.0,0,0.0,0,0.0,2,50.0
238.0,8,2,180.0,0.18,4,80.0,0,0.0,0,0.0,0,0.0,2,50.0,0,0.0,0,0.0,0,0.0,0,0.0,2,50.0
239.0,8,2,180.0,0.18,4,80.0,0,0.0,0,0.0,0,0.0,2,50.0,0,0.0,0,0.0,0,0.0,0,0.0,2,50.0
240.0,8,2,180.0,0.18,4,80.0,0,0.0,0,0.0,0,0.0,2,50.0,0,0.0,0,0.0,0,0.0,0,0.0,2,50.0
241.0,8,2,180.0,0.18,4,80.0,0,0.0,0,0.0,0,0.0,2,50.0,0,0.0,0,0.0,0,0.0,0,0.0,2,50.0
242.0,8,2,180.0,0.18,4,80.0,0,0.0,0,0.0,0,0.0,2,50.0,0,0.0,0,0.0,0,0.0,0,0.0,2,50.0
243.0,8,2,180.0,0.18,4,80.0,0,0.0,0,0.0,0,0.0,2,50.0,0,0.0,0,0.0,0,0.0,0,0.0,2,50.0
244.0,8,2,180.0,0.18,4,80.0,0,0.0,0,0.0,0,0.0,2,50.0,0,0.0,0,0.0,0,0.0,0,0.0,2,50.0
245.0,9,2,205.0,0.205,4,80.0,0,0.0,0,0.0,0,0.0,2,50.0,0,0.0,0,0.0,0,0.0,0,0.0,3,75.0
246.0,10,2,230.0,0.23,4,80.0,0,0.0,0,0.0,0,0.0,2,50.0,0,0.0,0,0.0,0,0.0,0,0.0,4,100.0
247.0,10,2,230.0,0.23,4,80.0,0,0.0,0,0.0,0,0.0,2,50.0,0,0.0,0,0.0,0,0.0,0,0.0,4,100.0
248.0,10,2,230.0,0.23,4,80.0,0,0.0,0,0.0,0,0.0,2,50.0,0,0.0,0,0.0,0,0.0,0,0.0,4,100.0
249.0,10,2,230.0,0.23,4,80.0,0,0.0,0,0.0,0,0.0,2,50.0,0,0.0,0,0.0,0,0.0,0,0.0,4,100.0
250.0,10,2,230.0,0.23,4,80.0,0,0.0,0,0.0,0,0.0,2,50.0,0,0.0,0,0.0,0,0.0,0,0.0,4,100.0
251.0,10,2,230.0,0.23,4,80.0,0,0.0,0,0.0,0,0.0,2,50.0,0,0.0,0,0.0,0,0.0,0,0.0,4,100.0
252.0,10,2,230.0,0.23,4,80.0,0,0.0,0,0.0,0,0.0,2,50.0,0,0.0,0,0.0,0,0.0,0,0.0,4,100.0
253.0,11,2,255.0,0.255,4,80.0,0,0.0,0,0.0,0,0.0,2,50.0,0,0.0,0,0.0,0,0.0,0,0.0,5,125.0
254.0,11,2,255.0,0.255,4,80.0,0,0.0,0,0.0,0,0.0,2,50.0,0,0.0,0,0.0,0,0.0,0,0.0,5,125.0
255.0,11,2,255.0,0.255,4,80.0,0,0.0,0,0.0,0,0.0,2,50.0,0,0.0,0,0.0,0,0.0,0,0.0,5,125.0
256.0,11,2,255.0,0.255,4,80.0,0,0.0,0,0.0,0,0.0,2,50.0,0,0.0,0,0.0,0,0.0,0,0.0,5,125.0
257.0,11,3,255.0,0.255,4,80.0,0,0.0,0,0.0,0,0.0,2,50.0,0,0.0,0,0.0,0,0.0,0,0.0,5,125.0
258.0,11,3,255.0,0.255,4,80.0,0,0.0,0,0.0,0,0.0,2,50.0,0,0.0,0,0.0,0,0.0,0,0.0,5,125.0
259.0,11,4,255.0,0.255,4,80.0,0,0.0,0,0.0,0,0.0,2,50.0,0,0.0,0,0.0,0,0.0,0,0.0,5,125.0
260.0,11,4,255.0,0.255,4,80.0,0,0.0,0,0.0,0,0.0,2,50.0,0,0.0,0,0.0,0,0.0,0,0.0,5,125.0
261.0,11,4,255.0,0.255,4,80.0,0,0.0,0,0.0,0,0.0,2,50.0,0,0.0,0,0.0,0,0.0,0,0.0,5,125.0
262.0,11,4,255.0,0.255,4,80.0,0,0.0,0,0.0,0,0.0,2,50.0,0,0.0,0,0.0,0,0.0,0,0.0,5,125.0
263.0,11,4,255.0,0.255,4,80.0,0,0.0,0,0.0,0,0.0,2,50.0,0,0.0,0,0.0,0,0.0,0,0.0,5,125.0
264.0,11,4,255.0,0.255,4,80.0,0,0.0,0,0.0,0,0.0,2,50.0,0,0.0,0,0.0,0,0.0,0,0.0,5,125.0
265.0,11,4,255.0,0.255,4,80.0,0,0.0,0,0.0,0,0.0,2,50.0,0,0.0,0,0.0,0,0.0,0,0.0,5,125.0
266.0,11,4,255.0,0.255,4,80.0,0,0.0,0,0.0,0,0.0,2,50.0,0,0.0,0,0.0,0,0.0,0,0.0,5,125.0
267.0,11,4,255.0,0.255,4,80.0,0,0.0,0,0.0,0,0.0,2,50.0,0,0.0,0,0.0,0,0.0,0,0.0,5,125.0
268.0,11,4,255.0,0.255,4,80.0,0,0.0,0,0.0,0,0.0,2,50.0,0,0.0,0,0.0,0,0.0,0,0.0,5,125.0
269.0,11,4,255.0,0.255,4,80.0,0,0.0,0,0.0,0,0.0,2,50.0,0,0.0,0,0.0,0,0.0,0,0.0,5,125.0
270.0,11,4,255.0,0.255,4,80.0,0,0.0,0,0.0,0,0.0,2,50.0,0,0.0,0,0.0,0,0.0,0,0.0,5,125.0
271.0,11,4,255.0,0.255,4,80.0,0,0.0,0,0.0,0,0.0,2,50.0,0,0.0,0,0.0,0,0.0,0,0.0,5,125.0
272.0,11,4,255.0,0.255,4,80.0,0,0.0,0,0.0,0,0.0,2,50.0,0,0.0,0,0.0,0,0.0,0,0.0,5,125.0
273.0,11,4,255.0,0.255,4,80.0,0,0.0,0,0.0,0,0.0,2,50.0,0,0.0,0,0.0,0,0.0,0,0.0,5,125.0
274.0,11,4,255.0,0.255,4,80.0,0,0.0,0,0.0,0,0.0,2,50.0,0,0.0,0,0.0,0,0.0,0,0.0,5,125.0
275.0,11,4,255.0,0.255,4,80.0,0,0.0,0,0.0,0,0.0,2,50.0,0,0.0,0,0.0,0,0.0,0,0.0,5,125.0
276.0,11,4,255.0,0.255,4,80.0,0,0.0,0,0.0,0,0.0,2,50.0,0,0.0,0,0.0,0,0.0,0,0.0,5,125.0
277.0,11,4,255.0,0.255,4,80.0,0,0.0,0,0.0,0,0.0,2,50.0,0,0.0,0,0.0,0,0.0,0,0.0,5,125.0
278.0,11,4,255.0,0.255,4,80.0,0,0.0,0,0.0,0,0.0,2,50.0,0,0.0,0,0.0,0,0.0,0,0.0,5,125.0
279.0,11,4,255.0,0.255,4,80.0,0,0.0,0,0.0,0,0.0,2,50.0,0,0.0,0,0.0,0,0.0,0,0.0,5,125.0
280.0,11,4,255.0,0.255,4,80.0,0,0.0,0,0.0,0,0.0,2,50.0,0,0.0,0,0.0,0,0.0,0,0.0,5,125.0
281.0,11,4,255.0,0.255,4,80.0,0,0.0,0,0.0,0,0.0,2,50.0,0,0.0,0,0.0,0,0.0,0,0.0,5,125.0
282.0,11,4,255.0,0.255,4,80.0,0,0.0,0,0.0,0,0.0,2,50.0,0,0.0,0,0.0,0,0.0,0,0.0,5,125.0
283.0,11,4,255.0,0.255,4,80.0,0,0.0,0,0.0,0,0.0,2,50.0,0,0.0,0,0.0,0,0.0,0,0.0,5,125.0
284.0,11,4,255.0,0.255,4,80.0,0,0.0,0,0.0,0,0.0,2,50.0,0,0.0,0,0.0,0,0.0,0,0.0,5,125.0
285.0,11,4,255.0,0.255,4,80.0,0,0.0,0,0.0,0,0.0,2,50.0,0,0.0,0,0.0,0,0.0,0,0.0,5,125.0
286.0,11,4,255.0,0.255,4,80.0,0,0.0,0,0.0,0,0.0,2,50.0,0,0.0,0,0.0,0,0.0,0,0.0,5,125.0
287.0,11,4,255.0,0.255,4,80.0,0,0.0,0,0.0,0,0.0,2,50.0,0,0.0,0,0.0,0,0.0,0,0.0,5,125.0
288.0,11,4,255.0,0.255,4,80.0,0,0.0,0,0.0,0,0.0,2,50.0,0,0.0,0,0.0,0,0.0,0,0.0,5,125.0
289.0,11,4,255.0,0.255,4,80.0,0,0.0,0,0.0,0,0.0,2,50.0,0,0.0,0,0.0,0,0.0,0,0.0,5,125.0
290.0,11,4,255.0,0.255,4,80.0,0,0.0,0,0.0,0,0.0,2,50.0,0,0.0,0,0.0,0,0.0,0,0.0,5,125.0
291.0,11,4,255.0,0.255,4,80.0,0,0.0,0,0.0,0,0.0,2,50.0,0,0.0,0,0.0,0,0.0,0,0.0,5,125.0
292.0,11,4,255.0,0.255,4,80.0,0,0.0,0,0.0,0,0.0,2,50.0,0,0.0,0,0.0,0,0.0,0,0.0,5,125.0
293.0,11,4,255.0,0.255,4,80.0,0,0.0,0,0.0,0,0.0,2,50.0,0,0.0,0,0.0,0,0.0,0,0.0,5,125.0
294.0,11,4,255.0,0.255,4,80.0,0,0.0,0,0.0,0,0.0,2,50.0,0,0.0,0,0.0,0,0.0,0,0.0,5,125.0
295.0,11,4,255.0,0.255,4,80.0,0,0.0,0,0.0,0,0.0,2,50.0,0,0.0,0,0.0,0,0.0,0,0.0,5,125.0
296.0,11,4,255.0,0.255,4,80.0,0,0.0,0,0.0,0,0.0,2,50.0,0,0.0,0,0.0,0,0.0,0,0.0,5,125.0
297.0,11,4,255.0,0.255,4,80.0,0,0.0,0,0.0,0,0.0,2,50.0,0,0.0,0,0.0,0,0.0,0,0.0,5,125.0
298.0,11,4,255.0,0.255,4,80.0,0,0.0,0,0.0,0,0.0,2,50.0,0,0.0,0,0.0,0,0.0,0,0.0,5,125.0
299.0,11,4,255.0,0.255,4,80.0,0,0.0,0,0.0,0,0.0,2,50.0,0,0.0,0,0.0,0,0.0,0,0.0,5,125.0
300.0,12,4,275.0,0.275,4,80.0,0,0.0,0,0.0,1,20.0,2,50.0,0,0.0,0,0.0,0,0.0,0,0.0,5,125.0
301.0,12,4,275.0,0.275,4,80.0,0,0.0,0,0.0,1,20.0,2,50.0,0,0.0,0,0.0,0,0.0,0,0.0,5,125.0
302.0,12,4,275.0,0.275,4,80.0,0,0.0,0,0.0,1,20.0,2,50.0,0,0.0,0,0.0,0,0.0,0,0.0,5,125.0
303.0,12,4,275.0,0.275,4,80.0,0,0.0,0,0.0,1,20.0,2,50.0,0,0.0,0,0.0,0,0.0,0,0.0,5,125.0
304.0,12,4,275.0,0.275,4,80.0,0,0.0,0,0.0,1,20.0,2,50.0,0,0.0,0,0.0,0,0.0,0,0.0,5,125.0
305.0,12,4,275.0,0.275,4,80.0,0,0.0,0,0.0,1,20.0,2,50.0,0,0.0,0,0.0,0,0.0,0,0.0,5,125.0
306.0,12,4,275.0,0.275,4,80.0,0,0.0,0,0.0,1,20.0,2,50.0,0,0.0,0,0.0,0,0.0,0,0.0,5,125.0
307.0,12,4,275.0,0.275,4,80.0,0,0.0,0,0.0,1,20.0,2,50.0,0,0.0,0,0.0,0,0.0,0,0.0,5,125.0
308.0,12,4,275.0,0.275,4,80.0,0,0.0,0,0.0,1,20.0,2,50.0,0,0.0,0,0.0,0,0.0,0,0.0,5,125.0
309.0,12,4,275.0,0.275,4,80.0,0,0.0,0,0.0,1,20.0,2,50.0,0,0.0,0,0.0,0,0.0,0,0.0,5,125.0
310.0,12,4,275.0,0.275,4,80.0,0,0.0,0,0.0,1,20.0,2,50.0,0,0.0,0,0.0,0,0.0,0,0.0,5,125.0
311.0,12,4,275.0,0.275,4,80.0,0,0.0,0,0.0,1,20.0,2,50.0,0,0.0,0,0.0,0,0.0,0,0.0,5,125.0
312.0,12,4,275.0,0.275,4,80.0,0,0.0,0,0.0,1,20.0,2,50.0,0,0.0,0,0.0,0,0.0,0,0.0,5,125.0
313.0,12,4,275.0,0.275,4,80.0,0,0.0,0,0.0,1,20.0,2,50.0,0,0.0,0,0.0,0,0.0,0,0.0,5,125.0
314.0,12,4,275.0,0.275,4,80.0,0,0.0,0,0.0,1,20.0,2,50.0,0,0.0,0,0.0,0,0.0,0,0.0,5,125.0
315.0,12,4,275.0,0.275,4,80.0,0,0.0,0,0.0,1,20.0,2,50.0,0,0.0,0,0.0,0,0.0,0,0.0,5,125.0
316.0,12,4,275.0,0.275,4,80.0,0,0.0,0,0.0,1,20.0,2,50.0,0,0.0,0,0.0,0,0.0,0,0.0,5,125.0
317.0,12,4,275.0,0.275,4,80.0,0,0.0,0,0.0,1,20.0,2,50.0,0,0.0,0,0.0,0,0.0,0,0.0,5,125.0
318.0,12,4,275.0,0.275,4,80.0,0,0.0,0,0.0,1,20.0,2,50.0,0,0.0,0,0.0,0,0.0,0,0.0,5,125.0
319.0,12,4,275.0,0.275,4,80.0,0,0.0,0,0.0,1,20.0,2,50.0,0,0.0,0,0.0,0,0.0,0,0.0,5,125.0
320.0,12,4,275.0,0.275,4,80.0,0,0.0,0,0.0,1,20.0,2,50.0,0,0.0,0,0.0,0,0.0,0,0.0,5,125.0
321.0,12,4,275.0,0.275,4,80.0,0,0.0,0,0.0,1,20.0,2,50.0,0,0.0,0,0.0,0,0.0,0,0.0,5,125.0
322.0,12,4,275.0,0.275,4,80.0,0,0.0,0,0.0,1,20.0,2,50.0,0,0.0,0,0.0,0,0.0,0,0.0,5,125.0
323.0,12,4,275.0,0.275,4,80.0,0,0.0,0,0.0,1,20.0,2,50.0,0,0.0,0,0.0,0,0.0,0,0.0,5,125.0
324.0,13,4,295.0,0.295,4,80.0,0,0.0,0,0.0,2,40.0,2,50.0,0,0.0,0,0.0,0,0.0,0,0.0,5,125.0
325.0,13,4,295.0,0.295,4,80.0,0,0.0,0,0.0,2,40.0,2,50.0,0,0.0,0,0.0,0,0.0,0,0.0,5,125.0
326.0,13,4,295.0,0.295,4,80.0,0,0.0,0,0.0,2,40.0,2,50.0,0,0.0,0,0.0,0,0.0,0,0.0,5,125.0
327.0,13,4,295.0,0.295,4,80.0,0,0.0,0,0.0,2,40.0,2,50.0,0,0.0,0,0.0,0,0.0,0,0.0,5,125.0
328.0,13,4,295.0,0.295,4,80.0,0,0.0,0,0.0,2,40.0,2,50.0,0,0.0,0,0.0,0,0.0,0,0.0,5,125.0
329.0,13,4,295.0,0.295,4,80.0,0,0.0,0,0.0,2,40.0,2,50.0,0,0.0,0,0.0,0,0.0,0,0.0,5,125.0
330.0,13,4,295.0,0.295,4,80.0,0,0.0,0,0.0,2,40.0,2,50.0,0,0.0,0,0.0,0,0.0,0,0.0,5,125.0
331.0,13,4,295.0,0.295,4,80.0,0,0.0,0,0.0,2,40.0,2,50.0,0,0.0,0,0.0,0,0.0,0,0.0,5,125.0
332.0,13,4,295.0,0.295,4,80.0,0,0.0,0,0.0,2,40.0,2,50.0,0,0.0,0,0.0,0,0.0,0,0.0,5,125.0
333.0,14,4,315.0,0.315,4,80.0,0,0.0,0,0.0,3,60.0,2,50.0,0,0.0,0,0.0,0,0.0,0,0.0,5,125.0
334.0,14,4,315.0,0.315,4,80.0,0,0.0,0,0.0,3,60.0,2,50.0,0,0.0,0,0.0,0,0.0,0,0.0,5,125.0
335.0,14,4,315.0,0.315,4,80.0,0,0.0,0,0.0,3,60.0,2,50.0,0,0.0,0,0.0,0,0.0,0,0.0,5,125.0
336.0,14,4,315.0,0.315,4,80.0,0,0.0,0,0.0,3,60.0,2,50.0,0,0.0,0,0.0,0,0.0,0,0.0,5,125.0
337.0,14,4,315.0,0.315,4,80.0,0,0.0,0,0.0,3,60.0,2,50.0,0,0.0,0,0.0,0,0.0,0,0.0,5,125.0
338.0,14,4,315.0,0.315,4,80.0,0,0.0,0,0.0,3,60.0,2,50.0,0,0.0,0,0.0,0,0.0,0,0.0,5,125.0
339.0,15,4,340.0,0.34,4,80.0,0,0.0,0,0.0,3,60.0,3,75.0,0,0.0,0,0.0,0,0.0,0,0.0,5,125.0
340.0,15,4,340.0,0.34,4,80.0,0,0.0,0,0.0,3,60.0,3,75.0,0,0.0,0,0.0,0,0.0,0,0.0,5,125.0
341.0,15,4,340.0,0.34,4,80.0,0,0.0,0,0.0,3,60.0,3,75.0,0,0.0,0,0.0,0,0.0,0,0.0,5,125.0
342.0,15,4,340.0,0.34,4,80.0,0,0.0,0,0.0,3,60.0,3,75.0,0,0.0,0,0.0,0,0.0,0,0.0,5,125.0
343.0,15,4,340.0,0.34,4,80.0,0,0.0,0,0.0,3,60.0,3,75.0,0,0.0,0,0.0,0,0.0,0,0.0,5,125.0
344.0,15,4,340.0,0.34,4,80.0,0,0.0,0,0.0,3,60.0,3,75.0,0,0.0,0,0.0,0,0.0,0,0.0,5,125.0
345.0,15,4,340.0,0.34,4,80.0,0,0.0,0,0.0,3,60.0,3,75.0,0,0.0,0,0.0,0,0.0,0,0.0,5,125.0
346.0,15,4,340.0,0.34,4,80.0,0,0.0,0,0.0,3,60.0,3,75.0,0,0.0,0,0.0,0,0.0,0,0.0,5,125.0
347.0,15,4,340.0,0.34,4,80.0,0,0.0,0,0.0,3,60.0,3,75.0,0,0.0,0,0.0,0,0.0,0,0.0,5,125.0
348.0,15,5,340.0,0.34,4,80.0,0,0.0,0,0.0,3,60.0,3,75.0,0,0.0,0,0.0,0,0.0,0,0.0,5,125.0
349.0,15,5,340.0,0.34,4,80.0,0,0.0,0,0.0,3,60.0,3,75.0,0,0.0,0,0.0,0,0.0,0,0.0,5,125.0
350.0,15,5,340.0,0.34,4,80.0,0,0.0,0,0.0,3,60.0,3,75.0,0,0.0,0,0.0,0,0.0,0,0.0,5,125.0
351.0,15,5,340.0,0.34,4,80.0,0,0.0,0,0.0,3,60.0,3,75.0,0,0.0,0,0.0,0,0.0,0,0.0,5,125.0
352.0,15,5,340.0,0.34,4,80.0,0,0.0,0,0.0,3,60.0,3,75.0,0,0.0,0,0.0,0,0.0,0,0.0,5,125.0
353.0,15,5,340.0,0.34,4,80.0,0,0.0,0,0.0,3,60.0,3,75.0,0,0.0,0,0.0,0,0.0,0,0.0,5,125.0
354.0,15,5,340.0,0.34,4,80.0,0,0.0,0,0.0,3,60.0,3,75.0,0,0.0,0,0.0,0,0.0,0,0.0,5,125.0
355.0,15,5,340.0,0.34,4,80.0,0,0.0,0,0.0,3,60.0,3,75.0,0,0.0,0,0.0,0,0.0,0,0.0,5,125.0
356.0,15,5,340.0,0.34,4,80.0,0,0.0,0,0.0,3,60.0,3,75.0,0,0.0,0,0.0,0,0.0,0,0.0,5,125.0
357.0,15,5,340.0,0.34,4,80.0,0,0.0,0,0.0,3,60.0,3,75.0,0,0.0,0,0.0,0,0.0,0,0.0,5,125.0
358.0,15,5,340.0,0.34,4,80.0,0,0.0,0,0.0,3,60.0,3,75.0,0,0.0,0,0.0,0,0.0,0,0.0,5,125.0
359.0,15,5,340.0,0.34,4,80.0,0,0.0,0,0.0,3,60.0,3,75.0,0,0.0,0,0.0,0,0.0,0,0.0,5,125.0
360.0,15,5,340.0,0.34,4,80.0,0,0.0,0,0.0,3,60.0,3,75.0,0,0.0,0,0.0,0,0.0,0,0.0,5,125.0
361.0,15,5,340.0,0.34,4,80.0,0,0.0,0,0.0,3,60.0,3,75.0,0,0.0,0,0.0,0,0.0,0,0.0,5,125.0
362.0,15,5,340.0,0.34,4,80.0,0,0.0,0,0.0,3,60.0,3,75.0,0,0.0,0,0.0,0,0.0,0,0.0,5,125.0
363.0,15,5,340.0,0.34,4,80.0,0,0.0,0,0.0,3,60.0,3,75.0,0,0.0,0,0.0,0,0.0,0,0.0,5,125.0
364.0,15,5,340.0,0.34,4,80.0,0,0.0,0,0.0,3,60.0,3,75.0,0,0.0,0,0.0,0,0.0,0,0.0,5,125.0
365.0,15,5,340.0,0.34,4,80.0,0,0.0,0,0.0,3,60.0,3,75.0,0,0.0,0,0.0,0,0.0,0,0.0,5,125.0
366.0,15,5,340.0,0.34,4,80.0,0,0.0,0,0.0,3,60.0,3,75.0,0,0.0,0,0.0,0,0.0,0,0.0,5,125.0
367.0,15,5,340.0,0.34,4,80.0,0,0.0,0,0.0,3,60.0,3,75.0,0,0.0,0,0.0,0,0.0,0,0.0,5,125.0
368.0,15,5,340.0,0.34,4,80.0,0,0.0,0,0.0,3,60.0,3,75.0,0,0.0,0,0.0,0,0.0,0,0.0,5,125.0
369.0,15,5,340.0,0.34,4,80.0,0,0.0,0,0.0,3,60.0,3,75.0,0,0.0,0,0.0,0,0.0,0,0.0,5,125.0
370.0,15,5,340.0,0.34,4,80.0,0,0.0,0,0.0,3,60.0,3,75.0,0,0.0,0,0.0,0,0.0,0,0.0,5,125.0
371.0,15,5,340.0,0.34,4,80.0,0,0.0,0,0.0,3,60.0,3,75.0,0,0.0,0,0.0,0,0.0,0,0.0,5,125.0
372.0,15,5,340.0,0.34,4,80.0,0,0.0,0,0.0,3,60.0,3,75.0,0,0.0,0,0.0,0,0.0,0,0.0,5,125.0
373.0,15,5,340.0,0.34,4,80.0,0,0.0,0,0.0,3,60.0,3,75.0,0,0.0,0,0.0,0,0.0,0,0.0,5,125.0
374.0,15,5,340.0,0.34,4,80.0,0,0.0,0,0.0,3,60.0,3,75.0,0,0.0,0,0.0,0,0.0,0,0.0,5,125.0
375.0,15,5,340.0,0.34,4,80.0,0,0.0,0,0.0,3,60.0,3,75.0,0,0.0,0,0.0,0,0.0,0,0.0,5,125.0
376.0,15,5,340.0,0.34,4,80.0,0,0.0,0,0.0,3,60.0,3,75.0,0,0.0,0,0.0,0,0.0,0,0.0,5,125.0
377.0,15,5,340.0,0.34,4,80.0,0,0.0,0,0.0,3,60.0,3,75.0,0,0.0,0,0.0,0,0.0,0,0.0,5,125.0
378.0,15,5,340.0,0.34,4,80.0,0,0.0,0,0.0,3,60.0,3,75.0,0,0.0,0,0.0,0,0.0,0,0.0,5,125.0
379.0,15,5,340.0,0.34,4,80.0,0,0.0,0,0.0,3,60.0,3,75.0,0,0.0,0,0.0,0,0.0,0,0.0,5,125.0
380.0,15,5,340.0,0.34,4,80.0,0,0.0,0,0.0,3,60.0,3,75.0,0,0.0,0,0.0,0,0.0,0,0.0,5,125.0
381.0,15,5,340.0,0.34,4,80.0,0,0.0,0,0.0,3,60.0,3,75.0,0,0.0,0,0.0,0,0.0,0,0.0,5,125.0
382.0,15,5,340.0,0.34,4,80.0,0,0.0,0,0.0,3,60.0,3,75.0,0,0.0,0,0.0,0,0.0,0,0.0,5,125.0
383.0,15,5,340.0,0.34,4,80.0,0,0.0,0,0.0,3,60.0,3,75.0,0,0.0,0,0.0,0,0.0,0,0.0,5,125.0
384.0,15,5,340.0,0.34,4,80.0,0,0.0,0,0.0,3,60.0,3,75.0,0,0.0,0,0.0,0,0.0,0,0.0,5,125.0
385.0,15,5,340.0,0.34,4,80.0,0,0.0,0,0.0,3,60.0,3,75.0,0,0.0,0,0.0,0,0.0,0,0.0,5,125.0
386.0,15,5,340.0,0.34,4,80.0,0,0.0,0,0.0,3,60.0,3,75.0,0,0.0,0,0.0,0,0.0,0,0.0,5,125.0
387.0,15,5,340.0,0.34,4,80.0,0,0.0,0,0.0,3,60.0,3,75.0,0,0.0,0,0.0,0,0.0,0,0.0,5,125.0
388.0,15,5,340.0,0.34,4,80.0,0,0.0,0,0.0,3,60.0,3,75.0,0,0.0,0,0.0,0,0.0,0,0.0,5,125.0
389.0,15,5,340.0,0.34,4,80.0,0,0.0,0,0.0,3,60.0,3,75.0,0,0.0,0,0.0,0,0.0,0,0.0,5,125.0
390.0,15,5,340.0,0.34,4,80.0,0,0.0,0,0.0,3,60.0,3,75.0,0,0.0,0,0.0,0,0.0,0,0.0,5,125.0
391.0,15,5,340.0,0.34,4,80.0,0,0.0,0,0.0,3,60.0,3,75.0,0,0.0,0,0.0,0,0.0,0,0.0,5,125.0
392.0,15,5,340.0,0.34,4,80.0,0,0.0,0,0.0,3,60.0,3,75.0,0,0.0,0,0.0,0,0.0,0,0.0,5,125.0
393.0,15,5,340.0,0.34,4,80.0,0,0.0,0,0.0,3,60.0,3,75.0,0,0.0,0,0.0,0,0.0,0,0.0,5,125.0
394.0,16,5,360.0,0.36,4,80.0,0,0.0,1,20.0,3,60.0,3,75.0,0,0.0,0,0.0,0,0.0,0,0.0,5,125.0
395.0,16,5,360.0,0.36,4,80.0,0,0.0,1,20.0,3,60.0,3,75.0,0,0.0,0,0.0,0,0.0,0,0.0,5,125.0
396.0,16,5,360.0,0.36,4,80.0,0,0.0,1,20.0,3,60.0,3,75.0,0,0.0,0,0.0,0,0.0,0,0.0,5,125.0
397.0,16,5,360.0,0.36,4,80.0,0,0.0,1,20.0,3,60.0,3,75.0,0,0.0,0,0.0,0,0.0,0,0.0,5,125.0
398.0,16,5,360.0,0.36,4,80.0,0,0.0,1,20.0,3,60.0,3,75.0,0,0.0,0,0.0,0,0.0,0,0.0,5,125.0
399.0,16,5,360.0,0.36,4,80.0,0,0.0,1,20.0,3,60.0,3,75.0,0,0.0,0,0.0,0,0.0,0,0.0,5,125.0
400.0,16,5,360.0,0.36,4,80.0,0,0.0,1,20.0,3,60.0,3,75.0,0,0.0,0,0.0,0,0.0,0,0.0,5,125.0
401.0,16,5,360.0,0.36,4,80.0,0,0.0,1,20.0,3,60.0,3,75.0,0,0.0,0,0.0,0,0.0,0,0.0,5,125.0
402.0,16,5,360.0,0.36,4,80.0,0,0.0,1,20.0,3,60.0,3,75.0,0,0.0,0,0.0,0,0.0,0,0.0,5,125.0
403.0,16,5,360.0,0.36,4,80.0,0,0.0,1,20.0,3,60.0,3,75.0,0,0.0,0,0.0,0,0.0,0,0.0,5,125.0
404.0,16,5,360.0,0.36,4,80.0,0,0.0,1,20.0,3,60.0,3,75.0,0,0.0,0,0.0,0,0.0,0,0.0,5,125.0
405.0,16,5,360.0,0.36,4,80.0,0,0.0,1,20.0,3,60.0,3,75.0,0,0.0,0,0.0,0,0.0,0,0.0,5,125.0
406.0,16,5,360.0,0.36,4,80.0,0,0.0,1,20.0,3,60.0,3,75.0,0,0.0,0,0.0,0,0.0,0,0.0,5,125.0
407.0,16,5,360.0,0.36,4,80.0,0,0.0,1,20.0,3,60.0,3,75.0,0,0.0,0,0.0,0,0.0,0,0.0,5,125.0
408.0,16,5,360.0,0.36,4,80.0,0,0.0,1,20.0,3,60.0,3,75.0,0,0.0,0,0.0,0,0.0,0,0.0,5,125.0
409.0,16,5,360.0,0.36,4,80.0,0,0.0,1,20.0,3,60.0,3,75.0,0,0.0,0,0.0,0,0.0,0,0.0,5,125.0
410.0,16,5,360.0,0.36,4,80.0,0,0.0,1,20.0,3,60.0,3,75.0,0,0.0,0,0.0,0,0.0,0,0.0,5,125.0
411.0,16,5,360.0,0.36,4,80.0,0,0.0,1,20.0,3,60.0,3,75.0,0,0.0,0,0.0,0,0.0,0,0.0,5,125.0
412.0,17,5,380.0,0.38,4,80.0,0,0.0,1,20.0,3,60.0,3,75.0,0,0.0,0,0.0,1,20.0,0,0.0,5,125.0
413.0,17,5,380.0,0.38,4,80.0,0,0.0,1,20.0,3,60.0,3,75.0,0,0.0,0,0.0,1,20.0,0,0.0,5,125.0
414.0,17,5,380.0,0.38,4,80.0,0,0.0,1,20.0,3,60.0,3,75.0,0,0.0,0,0.0,1,20.0,0,0.0,5,125.0
415.0,17,5,380.0,0.38,4,80.0,0,0.0,1,20.0,3,60.0,3,75.0,0,0.0,0,0.0,1,20.0,0,0.0,5,125.0
416.0,17,5,380.0,0.38,4,80.0,0,0.0,1,20.0,3,60.0,3,75.0,0,0.0,0,0.0,1,20.0,0,0.0,5,125.0
417.0,17,5,380.0,0.38,4,80.0,0,0.0,1,20.0,3,60.0,3,75.0,0,0.0,0,0.0,1,20.0,0,0.0,5,125.0
418.0,17,5,380.0,0.38,4,80.0,0,0.0,1,20.0,3,60.0,3,75.0,0,0.0,0,0.0,1,20.0,0,0.0,5,125.0
419.0,17,5,380.0,0.38,4,80.0,0,0.0,1,20.0,3,60.0,3,75.0,0,0.0,0,0.0,1,20.0,0,0.0,5,125.0
420.0,17,5,380.0,0.38,4,80.0,0,0.0,1,20.0,3,60.0,3,75.0,0,0.0,0,0.0,1,20.0,0,0.0,5,125.0
421.0,17,5,380.0,0.38,4,80.0,0,0.0,1,20.0,3,60.0,3,75.0,0,0.0,0,0.0,1,20.0,0,0.0,5,125.0
422.0,17,5,380.0,0.38,4,80.0,0,0.0,1,20.0,3,60.0,3,75.0,0,0.0,0,0.0,1,20.0,0,0.0,5,125.0
423.0,17,5,380.0,0.38,4,80.0,0,0.0,1,20.0,3,60.0,3,75.0,0,0.0,0,0.0,1,20.0,0,0.0,5,125.0
424.0,17,5,380.0,0.38,4,80.0,0,0.0,1,20.0,3,60.0,3,75.0,0,0.0,0,0.0,1,20.0,0,0.0,5,125.0
425.0,17,5,380.0,0.38,4,80.0,0,0.0,1,20.0,3,60.0,3,75.0,0,0.0,0,0.0,1,20.0,0,0.0,5,125.0
426.0,17,5,380.0,0.38,4,80.0,0,0.0,1,20.0,3,60.0,3,75.0,0,0.0,0,0.0,1,20.0,0,0.0,5,125.0
427.0,17,5,380.0,0.38,4,80.0,0,0.0,1,20.0,3,60.0,3,75.0,0,0.0,0,0.0,1,20.0,0,0.0,5,125.0
428.0,17,5,380.0,0.38,4,80.0,0,0.0,1,20.0,3,60.0,3,75.0,0,0.0,0,0.0,1,20.0,0,0.0,5,125.0
429.0,17,5,380.0,0.38,4,80.0,0,0.0,1,20.0,3,60.0,3,75.0,0,0.0,0,0.0,1,20.0,0,0.0,5,125.0
430.0,17,5,380.0,0.38,4,80.0,0,0.0,1,20.0,3,60.0,3,75.0,0,0.0,0,0.0,1,20.0,0,0.0,5,125.0
431.0,17,5,380.0,0.38,4,80.0,0,0.0,1,20.0,3,60.0,3,75.0,0,0.0,0,0.0,1,20.0,0,0.0,5,125.0
432.0,17,5,380.0,0.38,4,80.0,0,0.0,1,20.0,3,60.0,3,75.0,0,0.0,0,0.0,1,20.0,0,0.0,5,125.0
433.0,17,5,380.0,0.38,4,80.0,0,0.0,1,20.0,3,60.0,3,75.0,0,0.0,0,0.0,1,20.0,0,0.0,5,125.0
434.0,17,5,380.0,0.38,4,80.0,0,0.0,1,20.0,3,60.0,3,75.0,0,0.0,0,0.0,1,20.0,0,0.0,5,125.0
435.0,17,5,380.0,0.38,4,80.0,0,0.0,1,20.0,3,60.0,3,75.0,0,0.0,0,0.0,1,20.0,0,0.0,5,125.0
436.0,17,5,380.0,0.38,4,80.0,0,0.0,1,20.0,3,60.0,3,75.0,0,0.0,0,0.0,1,20.0,0,0.0,5,125.0
437.0,17,5,380.0,0.38,4,80.0,0,0.0,1,20.0,3,60.0,3,75.0,0,0.0,0,0.0,1,20.0,0,0.0,5,125.0
438.0,17,5,380.0,0.38,4,80.0,0,0.0,1,20.0,3,60.0,3,75.0,0,0.0,0,0.0,1,20.0,0,0.0,5,125.0
439.0,17,5,380.0,0.38,4,80.0,0,0.0,1,20.0,3,60.0,3,75.0,0,0.0,0,0.0,1,20.0,0,0.0,5,125.0
440.0,17,5,380.0,0.38,4,80.0,0,0.0,1,20.0,3,60.0,3,75.0,0,0.0,0,0.0,1,20.0,0,0.0,5,125.0
441.0,17,5,380.0,0.38,4,80.0,0,0.0,1,20.0,3,60.0,3,75.0,0,0.0,0,0.0,1,20.0,0,0.0,5,125.0
442.0,17,5,380.0,0.38,4,80.0,0,0.0,1,20.0,3,60.0,3,75.0,0,0.0,0,0.0,1,20.0,0,0.0,5,125.0
443.0,17,5,380.0,0.38,4,80.0,0,0.0,1,20.0,3,60.0,3,75.0,0,0.0,0,0.0,1,20.0,0,0.0,5,125.0
444.0,17,5,380.0,0.38,4,80.0,0,0.0,1,20.0,3,60.0,3,75.0,0,0.0,0,0.0,1,20.0,0,0.0,5,125.0
445.0,18,5,400.0,0.4,4,80.0,0,0.0,1,20.0,3,60.0,3,75.0,0,0.0,0,0.0,2,40.0,0,0.0,5,125.0
446.0,18,5,400.0,0.4,4,80.0,0,0.0,1,20.0,3,60.0,3,75.0,0,0.0,0,0.0,2,40.0,0,0.0,5,125.0
447.0,18,5,400.0,0.4,4,80.0,0,0.0,1,20.0,3,60.0,3,75.0,0,0.0,0,0.0,2,40.0,0,0.0,5,125.0
448.0,18,5,400.0,0.4,4,80.0,0,0.0,1,20.0,3,60.0,3,75.0,0,0.0,0,0.0,2,40.0,0,0.0,5,125.0
449.0,18,5,400.0,0.4,4,80.0,0,0.0,1,20.0,3,60.0,3,75.0,0,0.0,0,0.0,2,40.0,0,0.0,5,125.0
450.0,18,5,400.0,0.4,4,80.0,0,0.0,1,20.0,3,60.0,3,75.0,0,0.0,0,0.0,2,40.0,0,0.0,5,125.0
451.0,18,5,400.0,0.4,4,80.0,0,0.0,1,20.0,3,60.0,3,75.0,0,0.0,0,0.0,2,40.0,0,0.0,5,125.0
452.0,18,5,400.0,0.4,4,80.0,0,0.0,1,20.0,3,60.0,3,75.0,0,0.0,0,0.0,2,40.0,0,0.0,5,125.0
453.0,18,5,400.0,0.4,4,80.0,0,0.0,1,20.0,3,60.0,3,75.0,0,0.0,0,0.0,2,40.0,0,0.0,5,125.0
454.0,19,5,420.0,0.42,4,80.0,0,0.0,2,40.0,3,60.0,3,75.0,0,0.0,0,0.0,2,40.0,0,0.0,5,125.0
455.0,19,5,420.0,0.42,4,80.0,0,0.0,2,40.0,3,60.0,3,75.0,0,0.0,0,0.0,2,40.0,0,0.0,5,125.0
456.0,19,5,420.0,0.42,4,80.0,0,0.0,2,40.0,3,60.0,3,75.0,0,0.0,0,0.0,2,40.0,0,0.0,5,125.0
457.0,19,5,420.0,0.42,4,80.0,0,0.0,2,40.0,3,60.0,3,75.0,0,0.0,0,0.0,2,40.0,0,0.0,5,125.0
458.0,19,5,420.0,0.42,4,80.0,0,0.0,2,40.0,3,60.0,3,75.0,0,0.0,0,0.0,2,40.0,0,0.0,5,125.0
459.0,19,5,420.0,0.42,4,80.0,0,0.0,2,40.0,3,60.0,3,75.0,0,0.0,0,0.0,2,40.0,0,0.0,5,125.0
460.0,19,5,420.0,0.42,4,80.0,0,0.0,2,40.0,3,60.0,3,75.0,0,0.0,0,0.0,2,40.0,0,0.0,5,125.0
461.0,19,5,420.0,0.42,4,80.0,0,0.0,2,40.0,3,60.0,3,75.0,0,0.0,0,0.0,2,40.0,0,0.0,5,125.0
462.0,19,5,420.0,0.42,4,80.0,0,0.0,2,40.0,3,60.0,3,75.0,0,0.0,0,0.0,2,40.0,0,0.0,5,125.0
463.0,19,5,420.0,0.42,4,80.0,0,0.0,2,40.0,3,60.0,3,75.0,0,0.0,0,0.0,2,40.0,0,0.0,5,125.0
464.0,19,5,420.0,0.42,4,80.0,0,0.0,2,40.0,3,60.0,3,75.0,0,0.0,0,0.0,2,40.0,0,0.0,5,125.0
465.0,19,5,420.0,0.42,4,80.0,0,0.0,2,40.0,3,60.0,3,75.0,0,0.0,0,0.0,2,40.0,0,0.0,5,125.0
466.0,19,5,420.0,0.42,4,80.0,0,0.0,2,40.0,3,60.0,3,75.0,0,0.0,0,0.0,2,40.0,0,0.0,5,125.0
467.0,19,5,420.0,0.42,4,80.0,0,0.0,2,40.0,3,60.0,3,75.0,0,0.0,0,0.0,2,40.0,0,0.0,5,125.0
468.0,19,5,420.0,0.42,4,80.0,0,0.0,2,40.0,3,60.0,3,75.0,0,0.0,0,0.0,2,40.0,0,0.0,5,125.0
469.0,20,5,440.0,0.44,4,80.0,0,0.0,3,60.0,3,60.0,3,75.0,0,0.0,0,0.0,2,40.0,0,0.0,5,125.0
470.0,20,5,440.0,0.44,4,80.0,0,0.0,3,60.0,3,60.0,3,75.0,0,0.0,0,0.0,2,40.0,0,0.0,5,125.0
471.0,20,5,440.0,0.44,4,80.0,0,0.0,3,60.0,3,60.0,3,75.0,0,0.0,0,0.0,2,40.0,0,0.0,5,125.0
472.0,20,5,440.0,0.44,4,80.0,0,0.0,3,60.0,3,60.0,3,75.0,0,0.0,0,0.0,2,40.0,0,0.0,5,125.0
473.0,20,5,440.0,0.44,4,80.0,0,0.0,3,60.0,3,60.0,3,75.0,0,0.0,0,0.0,2,40.0,0,0.0,5,125.0
474.0,20,5,440.0,0.44,4,80.0,0,0.0,3,60.0,3,60.0,3,75.0,0,0.0,0,0.0,2,40.0,0,0.0,5,125.0
475.0,20,5,440.0,0.44,4,80.0,0,0.0,3,60.0,3,60.0,3,75.0,0,0.0,0,0.0,2,40.0,0,0.0,5,125.0
476.0,22,5,480.0,0.48,4,80.0,0,0.0,4,80.0,4,80.0,3,75.0,0,0.0,0,0.0,2,40.0,0,0.0,5,125.0
477.0,22,5,480.0,0.48,4,80.0,0,0.0,4,80.0,4,80.0,3,75.0,0,0.0,0,0.0,2,40.0,0,0.0,5,125.0
478.0,22,5,480.0,0.48,4,80.0,0,0.0,4,80.0,4,80.0,3,75.0,0,0.0,0,0.0,2,40.0,0,0.0,5,125.0
479.0,22,5,480.0,0.48,4,80.0,0,0.0,4,80.0,4,80.0,3,75.0,0,0.0,0,0.0,2,40.0,0,0.0,5,125.0
480.0,22,5,480.0,0.48,4,80.0,0,0.0,4,80.0,4,80.0,3,75.0,0,0.0,0,0.0,2,40.0,0,0.0,5,125.0
481.0,22,5,480.0,0.48,4,80.0,0,0.0,4,80.0,4,80.0,3,75.0,0,0.0,0,0.0,2,40.0,0,0.0,5,125.0
482.0,22,6,480.0,0.48,4,80.0,0,0.0,4,80.0,4,80.0,3,75.0,0,0.0,0,0.0,2,40.0,0,0.0,5,125.0
483.0,22,6,480.0,0.48,4,80.0,0,0.0,4,80.0,4,80.0,3,75.0,0,0.0,0,0.0,2,40.0,0,0.0,5,125.0
484.0,22,6,480.0,0.48,4,80.0,0,0.0,4,80.0,4,80.0,3,75.0,0,0.0,0,0.0,2,40.0,0,0.0,5,125.0
485.0,22,6,480.0,0.48,4,80.0,0,0.0,4,80.0,4,80.0,3,75.0,0,0.0,0,0.0,2,40.0,0,0.0,5,125.0
486.0,22,6,480.0,0.48,4,80.0,0,0.0,4,80.0,4,80.0,3,75.0,0,0.0,0,0.0,2,40.0,0,0.0,5,125.0
487.0,22,6,480.0,0.48,4,80.0,0,0.0,4,80.0,4,80.0,3,75.0,0,0.0,0,0.0,2,40.0,0,0.0,5,125.0
488.0,22,6,480.0,0.48,4,80.0,0,0.0,4,80.0,4,80.0,3,75.0,0,0.0,0,0.0,2,40.0,0,0.0,5,125.0
489.0,22,6,480.0,0.48,4,80.0,0,0.0,4,80.0,4,80.0,3,75.0,0,0.0,0,0.0,2,40.0,0,0.0,5,125.0
490.0,22,6,480.0,0.48,4,80.0,0,0.0,4,80.0,4,80.0,3,75.0,0,0.0,0,0.0,2,40.0,0,0.0,5,125.0
491.0,22,6,480.0,0.48,4,80.0,0,0.0,4,80.0,4,80.0,3,75.0,0,0.0,0,0.0,2,40.0,0,0.0,5,125.0
492.0,23,6,505.0,0.505,4,80.0,0,0.0,4,80.0,4,80.0,4,100.0,0,0.0,0,0.0,2,40.0,0,0.0,5,125.0
493.0,23,6,505.0,0.505,4,80.0,0,0.0,4,80.0,4,80.0,4,100.0,0,0.0,0,0.0,2,40.0,0,0.0,5,125.0
494.0,23,6,505.0,0.505,4,80.0,0,0.0,4,80.0,4,80.0,4,100.0,0,0.0,0,0.0,2,40.0,0,0.0,5,125.0
495.0,23,6,505.0,0.505,4,80.0,0,0.0,4,80.0,4,80.0,4,100.0,0,0.0,0,0.0,2,40.0,0,0.0,5,125.0
496.0,23,6,505.0,0.505,4,80.0,0,0.0,4,80.0,4,80.0,4,100.0,0,0.0,0,0.0,2,40.0,0,0.0,5,125.0
497.0,23,6,505.0,0.505,4,80.0,0,0.0,4,80.0,4,80.0,4,100.0,0,0.0,0,0.0,2,40.0,0,0.0,5,125.0
498.0,23,6,505.0,0.505,4,80.0,0,0.0,4,80.0,4,80.0,4,100.0,0,0.0,0,0.0,2,40.0,0,0.0,5,125.0
499.0,23,6,505.0,0.505,4,80.0,0,0.0,4,80.0,4,80.0,4,100.0,0,0.0,0,0.0,2,40.0,0,0.0,5,125.0
500.0,23,6,505.0,0.505,4,80.0,0,0.0,4,80.0,4,80.0,4,100.0,0,0.0,0,0.0,2,40.0,0,0.0,5,125.0
501.0,23,6,505.0,0.505,4,80.0,0,0.0,4,80.0,4,80.0,4,100.0,0,0.0,0,0.0,2,40.0,0,0.0,5,125.0
502.0,23,6,505.0,0.505,4,80.0,0,0.0,4,80.0,4,80.0,4,100.0,0,0.0,0,0.0,2,40.0,0,0.0,5,125.0
503.0,23,6,505.0,0.505,4,80.0,0,0.0,4,80.0,4,80.0,4,100.0,0,0.0,0,0.0,2,40.0,0,0.0,5,125.0
504.0,23,6,505.0,0.505,4,80.0,0,0.0,4,80.0,4,80.0,4,100.0,0,0.0,0,0.0,2,40.0,0,0.0,5,125.0
505.0,23,6,505.0,0.505,4,80.0,0,0.0,4,80.0,4,80.0,4,100.0,0,0.0,0,0.0,2,40.0,0,0.0,5,125.0
506.0,23,6,505.0,0.505,4,80.0,0,0.0,4,80.0,4,80.0,4,100.0,0,0.0,0,0.0,2,40.0,0,0.0,5,125.0
507.0,23,6,505.0,0.505,4,80.0,0,0.0,4,80.0,4,80.0,4,100.0,0,0.0,0,0.0,2,40.0,0,0.0,5,125.0
508.0,23,6,505.0,0.505,4,80.0,0,0.0,4,80.0,4,80.0,4,100.0,0,0.0,0,0.0,2,40.0,0,0.0,5,125.0
509.0,23,6,505.0,0.505,4,80.0,0,0.0,4,80.0,4,80.0,4,100.0,0,0.0,0,0.0,2,40.0,0,0.0,5,125.0
510.0,23,6,505.0,0.505,4,80.0,0,0.0,4,80.0,4,80.0,4,100.0,0,0.0,0,0.0,2,40.0,0,0.0,5,125.0
511.0,23,6,505.0,0.505,4,80.0,0,0.0,4,80.0,4,80.0,4,100.0,0,0.0,0,0.0,2,40.0,0,0.0,5,125.0
512.0,23,6,505.0,0.505,4,80.0,0,0.0,4,80.0,4,80.0,4,100.0,0,0.0,0,0.0,2,40.0,0,0.0,5,125.0
513.0,23,6,505.0,0.505,4,80.0,0,0.0,4,80.0,4,80.0,4,100.0,0,0.0,0,0.0,2,40.0,0,0.0,5,125.0
514.0,23,6,505.0,0.505,4,80.0,0,0.0,4,80.0,4,80.0,4,100.0,0,0.0,0,0.0,2,40.0,0,0.0,5,125.0
515.0,23,6,505.0,0.505,4,80.0,0,0.0,4,80.0,4,80.0,4,100.0,0,0.0,0,0.0,2,40.0,0,0.0,5,125.0
516.0,23,6,505.0,0.505,4,80.0,0,0.0,4,80.0,4,80.0,4,100.0,0,0.0,0,0.0,2,40.0,0,0.0,5,125.0
517.0,23,6,505.0,0.505,4,80.0,0,0.0,4,80.0,4,80.0,4,100.0,0,0.0,0,0.0,2,40.0,0,0.0,5,125.0
518.0,24,6,525.0,0.525,4,80.0,0,0.0,4,80.0,4,80.0,4,100.0,0,0.0,0,0.0,3,60.0,0,0.0,5,125.0
519.0,24,6,525.0,0.525,4,80.0,0,0.0,4,80.0,4,80.0,4,100.0,0,0.0,0,0.0,3,60.0,0,0.0,5,125.0
520.0,24,6,525.0,0.525,4,80.0,0,0.0,4,80.0,4,80.0,4,100.0,0,0.0,0,0.0,3,60.0,0,0.0,5,125.0
521.0,24,6,525.0,0.525,4,80.0,0,0.0,4,80.0,4,80.0,4,100.0,0,0.0,0,0.0,3,60.0,0,0.0,5,125.0
522.0,24,6,525.0,0.525,4,80.0,0,0.0,4,80.0,4,80.0,4,100.0,0,0.0,0,0.0,3,60.0,0,0.0,5,125.0
523.0,24,6,525.0,0.525,4,80.0,0,0.0,4,80.0,4,80.0,4,100.0,0,0.0,0,0.0,3,60.0,0,0.0,5,125.0
524.0,24,7,525.0,0.525,4,80.0,0,0.0,4,80.0,4,80.0,4,100.0,0,0.0,0,0.0,3,60.0,0,0.0,5,125.0
525.0,25,7,545.0,0.545,4,80.0,0,0.0,4,80.0,4,80.0,4,100.0,0,0.0,0,0.0,4,80.0,0,0.0,5,125.0
526.0,25,7,545.0,0.545,4,80.0,0,0.0,4,80.0,4,80.0,4,100.0,0,0.0,0,0.0,4,80.0,0,0.0,5,125.0
527.0,25,7,545.0,0.545,4,80.0,0,0.0,4,80.0,4,80.0,4,100.0,0,0.0,0,0.0,4,80.0,0,0.0,5,125.0
528.0,25,7,545.0,0.545,4,80.0,0,0.0,4,80.0,4,80.0,4,100.0,0,0.0,0,0.0,4,80.0,0,0.0,5,125.0
529.0,25,7,545.0,0.545,4,80.0,0,0.0,4,80.0,4,80.0,4,100.0,0,0.0,0,0.0,4,80.0,0,0.0,5,125.0
530.0,25,7,545.0,0.545,4,80.0,0,0.0,4,80.0,4,80.0,4,100.0,0,0.0,0,0.0,4,80.0,0,0.0,5,125.0
531.0,25,7,545.0,0.545,4,80.0,0,0.0,4,80.0,4,80.0,4,100.0,0,0.0,0,0.0,4,80.0,0,0.0,5,125.0
532.0,25,7,545.0,0.545,4,80.0,0,0.0,4,80.0,4,80.0,4,100.0,0,0.0,0,0.0,4,80.0,0,0.0,5,125.0
533.0,25,7,545.0,0.545,4,80.0,0,0.0,4,80.0,4,80.0,4,100.0,0,0.0,0,0.0,4,80.0,0,0.0,5,125.0
534.0,25,7,545.0,0.545,4,80.0,0,0.0,4,80.0,4,80.0,4,100.0,0,0.0,0,0.0,4,80.0,0,0.0,5,125.0
535.0,25,7,545.0,0.545,4,80.0,0,0.0,4,80.0,4,80.0,4,100.0,0,0.0,0,0.0,4,80.0,0,0.0,5,125.0
536.0,25,7,545.0,0.545,4,80.0,0,0.0,4,80.0,4,80.0,4,100.0,0,0.0,0,0.0,4,80.0,0,0.0,5,125.0
537.0,25,7,545.0,0.545,4,80.0,0,0.0,4,80.0,4,80.0,4,100.0,0,0.0,0,0.0,4,80.0,0,0.0,5,125.0
538.0,25,7,545.0,0.545,4,80.0,0,0.0,4,80.0,4,80.0,4,100.0,0,0.0,0,0.0,4,80.0,0,0.0,5,125.0
539.0,25,7,545.0,0.545,4,80.0,0,0.0,4,80.0,4,80.0,4,100.0,0,0.0,0,0.0,4,80.0,0,0.0,5,125.0
540.0,25,8,545.0,0.545,4,80.0,0,0.0,4,80.0,4,80.0,4,100.0,0,0.0,0,0.0,4,80.0,0,0.0,5,125.0
541.0,25,8,545.0,0.545,4,80.0,0,0.0,4,80.0,4,80.0,4,100.0,0,0.0,0,0.0,4,80.0,0,0.0,5,125.0
542.0,25,8,545.0,0.545,4,80.0,0,0.0,4,80.0,4,80.0,4,100.0,0,0.0,0,0.0,4,80.0,0,0.0,5,125.0
543.0,25,8,545.0,0.545,4,80.0,0,0.0,4,80.0,4,80.0,4,100.0,0,0.0,0,0.0,4,80.0,0,0.0,5,125.0
544.0,25,8,545.0,0.545,4,80.0,0,0.0,4,80.0,4,80.0,4,100.0,0,0.0,0,0.0,4,80.0,0,0.0,5,125.0
545.0,25,8,545.0,0.545,4,80.0,0,0.0,4,80.0,4,80.0,4,100.0,0,0.0,0,0.0,4,80.0,0,0.0,5,125.0
546.0,25,8,545.0,0.545,4,80.0,0,0.0,4,80.0,4,80.0,4,100.0,0,0.0,0,0.0,4,80.0,0,0.0,5,125.0
547.0,25,8,545.0,0.545,4,80.0,0,0.0,4,80.0,4,80.0,4,100.0,0,0.0,0,0.0,4,80.0,0,0.0,5,125.0
548.0,25,8,545.0,0.545,4,80.0,0,0.0,4,80.0,4,80.0,4,100.0,0,0.0,0,0.0,4,80.0,0,0.0,5,125.0
549.0,25,8,545.0,0.545,4,80.0,0,0.0,4,80.0,4,80.0,4,100.0,0,0.0,0,0.0,4,80.0,0,0.0,5,125.0
550.0,25,8,545.0,0.545,4,80.0,0,0.0,4,80.0,4,80.0,4,100.0,0,0.0,0,0.0,4,80.0,0,0.0,5,125.0
551.0,25,8,545.0,0.545,4,80.0,0,0.0,4,80.0,4,80.0,4,100.0,0,0.0,0,0.0,4,80.0,0,0.0,5,125.0
552.0,25,8,545.0,0.545,4,80.0,0,0.0,4,80.0,4,80.0,4,100.0,0,0.0,0,0.0,4,80.0,0,0.0,5,125.0
553.0,25,8,545.0,0.545,4,80.0,0,0.0,4,80.0,4,80.0,4,100.0,0,0.0,0,0.0,4,80.0,0,0.0,5,125.0
554.0,25,8,545.0,0.545,4,80.0,0,0.0,4,80.0,4,80.0,4,100.0,0,0.0,0,0.0,4,80.0,0,0.0,5,125.0
555.0,25,8,545.0,0.545,4,80.0,0,0.0,4,80.0,4,80.0,4,100.0,0,0.0,0,0.0,4,80.0,0,0.0,5,125.0
556.0,25,8,545.0,0.545,4,80.0,0,0.0,4,80.0,4,80.0,4,100.0,0,0.0,0,0.0,4,80.0,0,0.0,5,125.0
557.0,25,8,545.0,0.545,4,80.0,0,0.0,4,80.0,4,80.0,4,100.0,0,0.0,0,0.0,4,80.0,0,0.0,5,125.0
558.0,25,8,545.0,0.545,4,80.0,0,0.0,4,80.0,4,80.0,4,100.0,0,0.0,0,0.0,4,80.0,0,0.0,5,125.0
559.0,25,8,545.0,0.545,4,80.0,0,0.0,4,80.0,4,80.0,4,100.0,0,0.0,0,0.0,4,80.0,0,0.0,5,125.0
560.0,25,8,545.0,0.545,4,80.0,0,0.0,4,80.0,4,80.0,4,100.0,0,0.0,0,0.0,4,80.0,0,0.0,5,125.0
561.0,25,8,545.0,0.545,4,80.0,0,0.0,4,80.0,4,80.0,4,100.0,0,0.0,0,0.0,4,80.0,0,0.0,5,125.0
562.0,25,8,545.0,0.545,4,80.0,0,0.0,4,80.0,4,80.0,4,100.0,0,0.0,0,0.0,4,80.0,0,0.0,5,125.0
563.0,25,8,545.0,0.545,4,80.0,0,0.0,4,80.0,4,80.0,4,100.0,0,0.0,0,0.0,4,80.0,0,0.0,5,125.0
564.0,25,8,545.0,0.545,4,80.0,0,0.0,4,80.0,4,80.0,4,100.0,0,0.0,0,0.0,4,80.0,0,0.0,5,125.0
565.0,25,8,545.0,0.545,4,80.0,0,0.0,4,80.0,4,80.0,4,100.0,0,0.0,0,0.0,4,80.0,0,0.0,5,125.0
566.0,25,8,545.0,0.545,4,80.0,0,0.0,4,80.0,4,80.0,4,100.0,0,0.0,0,0.0,4,80.0,0,0.0,5,125.0
567.0,25,8,545.0,0.545,4,80.0,0,0.0,4,80.0,4,80.0,4,100.0,0,0.0,0,0.0,4,80.0,0,0.0,5,125.0
568.0,25,8,545.0,0.545,4,80.0,0,0.0,4,80.0,4,80.0,4,100.0,0,0.0,0,0.0,4,80.0,0,0.0,5,125.0
569.0,25,8,545.0,0.545,4,80.0,0,0.0,4,80.0,4,80.0,4,100.0,0,0.0,0,0.0,4,80.0,0,0.0,5,125.0
570.0,25,8,545.0,0.545,4,80.0,0,0.0,4,80.0,4,80.0,4,100.0,0,0.0,0,0.0,4,80.0,0,0.0,5,125.0
571.0,25,8,545.0,0.545,4,80.0,0,0.0,4,80.0,4,80.0,4,100.0,0,0.0,0,0.0,4,80.0,0,0.0,5,125.0
572.0,25,8,545.0,0.545,4,80.0,0,0.0,4,80.0,4,80.0,4,100.0,0,0.0,0,0.0,4,80.0,0,0.0,5,125.0
573.0,25,8,545.0,0.545,4,80.0,0,0.0,4,80.0,4,80.0,4,100.0,0,0.0,0,0.0,4,80.0,0,0.0,5,125.0
574.0,25,8,545.0,0.545,4,80.0,0,0.0,4,80.0,4,80.0,4,100.0,0,0.0,0,0.0,4,80.0,0,0.0,5,125.0
575.0,25,8,545.0,0.545,4,80.0,0,0.0,4,80.0,4,80.0,4,100.0,0,0.0,0,0.0,4,80.0,0,0.0,5,125.0
576.0,25,9,545.0,0.545,4,80.0,0,0.0,4,80.0,4,80.0,4,100.0,0,0.0,0,0.0,4,80.0,0,0.0,5,125.0
577.0,25,10,545.0,0.545,4,80.0,0,0.0,4,80.0,4,80.0,4,100.0,0,0.0,0,0.0,4,80.0,0,0.0,5,125.0
578.0,25,10,545.0,0.545,4,80.0,0,0.0,4,80.0,4,80.0,4,100.0,0,0.0,0,0.0,4,80.0,0,0.0,5,125.0
579.0,26,10,570.0,0.57,4,80.0,0,0.0,4,80.0,4,80.0,5,125.0,0,0.0,0,0.0,4,80.0,0,0.0,5,125.0
580.0,26,10,570.0,0.57,4,80.0,0,0.0,4,80.0,4,80.0,5,125.0,0,0.0,0,0.0,4,80.0,0,0.0,5,125.0
581.0,26,10,570.0,0.57,4,80.0,0,0.0,4,80.0,4,80.0,5,125.0,0,0.0,0,0.0,4,80.0,0,0.0,5,125.0
582.0,26,10,570.0,0.57,4,80.0,0,0.0,4,80.0,4,80.0,5,125.0,0,0.0,0,0.0,4,80.0,0,0.0,5,125.0
583.0,26,10,570.0,0.57,4,80.0,0,0.0,4,80.0,4,80.0,5,125.0,0,0.0,0,0.0,4,80.0,0,0.0,5,125.0
584.0,26,10,570.0,0.57,4,80.0,0,0.0,4,80.0,4,80.0,5,125.0,0,0.0,0,0.0,4,80.0,0,0.0,5,125.0
585.0,26,10,570.0,0.57,4,80.0,0,0.0,4,80.0,4,80.0,5,125.0,0,0.0,0,0.0,4,80.0,0,0.0,5,125.0
586.0,26,10,570.0,0.57,4,80.0,0,0.0,4,80.0,4,80.0,5,125.0,0,0.0,0,0.0,4,80.0,0,0.0,5,125.0
587.0,26,11,570.0,0.57,4,80.0,0,0.0,4,80.0,4,80.0,5,125.0,0,0.0,0,0.0,4,80.0,0,0.0,5,125.0
588.0,26,11,570.0,0.57,4,80.0,0,0.0,4,80.0,4,80.0,5,125.0,0,0.0,0,0.0,4,80.0,0,0.0,5,125.0
589.0,26,11,570.0,0.57,4,80.0,0,0.0,4,80.0,4,80.0,5,125.0,0,0.0,0,0.0,4,80.0,0,0.0,5,125.0
590.0,26,11,570.0,0.57,4,80.0,0,0.0,4,80.0,4,80.0,5,125.0,0,0.0,0,0.0,4,80.0,0,0.0,5,125.0
591.0,26,11,570.0,0.57,4,80.0,0,0.0,4,80.0,4,80.0,5,125.0,0,0.0,0,0.0,4,80.0,0,0.0,5,125.0
592.0,26,11,570.0,0.57,4,80.0,0,0.0,4,80.0,4,80.0,5,125.0,0,0.0,0,0.0,4,80.0,0,0.0,5,125.0
593.0,26,11,570.0,0.57,4,80.0,0,0.0,4,80.0,4,80.0,5,125.0,0,0.0,0,0.0,4,80.0,0,0.0,5,125.0
594.0,26,11,570.0,0.57,4,80.0,0,0.0,4,80.0,4,80.0,5,125.0,0,0.0,0,0.0,4,80.0,0,0.0,5,125.0
595.0,26,11,570.0,0.57,4,80.0,0,0.0,4,80.0,4,80.0,5,125.0,0,0.0,0,0.0,4,80.0,0,0.0,5,125.0
596.0,26,13,570.0,0.57,4,80.0,0,0.0,4,80.0,4,80.0,5,125.0,0,0.0,0,0.0,4,80.0,0,0.0,5,125.0
597.0,26,13,570.0,0.57,4,80.0,0,0.0,4,80.0,4,80.0,5,125.0,0,0.0,0,0.0,4,80.0,0,0.0,5,125.0
598.0,26,13,570.0,0.57,4,80.0,0,0.0,4,80.0,4,80.0,5,125.0,0,0.0,0,0.0,4,80.0,0,0.0,5,125.0
599.0,26,13,570.0,0.57,4,80.0,0,0.0,4,80.0,4,80.0,5,125.0,0,0.0,0,0.0,4,80.0,0,0.0,5,125.0
600.0,26,13,570.0,0.57,4,80.0,0,0.0,4,80.0,4,80.0,5,125.0,0,0.0,0,0.0,4,80.0,0,0.0,5,125.0
