timestep_sec,vehicle_id,vehicle_type,current_soc_percent,nearest_station,route_length_m,slot_availability
1.0,easyBike_forward1.0,easyBike,26.25,pa_2,850.0,charging
1.0,easyBike_forward2.0,easyBike,26.25,pa_2,850.0,charging
1.0,easyBike_forward3.0,easyBike,26.25,pa_6,711.44,charging
1.0,easyBike_reverse1.0,easyBike,26.25,pa_3_rev,2216.87,charging
1.0,easyBike_reverse2.0,easyBike,26.25,pa_8_rev,1672.7,charging
1.0,easyBike_reverse3.0,easyBike,26.25,pa_8_rev,1672.7,charging
3.0,easyBike_forward4.0,easyBike,26.25,pa_2,850.0,charging
3.0,easyBike_reverse4.0,easyBike,26.25,pa_8_rev,1672.7,charging
41.0,easyBike_reverse1.1,easyBike,26.25,pa_3_rev,2216.87,charging
46.0,easyBike_reverse2.1,easyBike,26.25,pa_8_rev,1672.7,charging
52.0,easyBike_forward1.1,easyBike,26.25,pa_2,850.0,charging
52.0,easyBike_reverse3.1,easyBike,26.25,pa_8_rev,1672.7,charging
61.0,easyBike_forward2.1,easyBike,26.25,pa_2,850.0,charging
61.0,easyBike_reverse4.1,easyBike,26.25,pa_8_rev,1672.7,charging
73.0,easyBike_forward3.1,easyBike,26.25,pa_6,711.44,charging
81.0,easyBike_forward4.1,easyBike,26.25,pa_2,850.0,charging
81.0,easyBike_reverse1.2,easyBike,26.25,pa_3_rev,2216.87,charging
91.0,easyBike_reverse2.2,easyBike,26.25,pa_8_rev,1672.7,charging
103.0,easyBike_forward1.2,easyBike,26.25,pa_2,850.0,charging
103.0,easyBike_reverse3.2,easyBike,26.25,pa_8_rev,1672.7,charging
121.0,easyBike_forward2.2,easyBike,26.25,pa_2,850.0,charging
121.0,easyBike_reverse1.3,easyBike,26.25,pa_3_rev,2216.87,charging
121.0,easyBike_reverse4.2,easyBike,26.25,pa_8_rev,1672.7,charging
136.0,easyBike_reverse2.3,easyBike,26.25,pa_8_rev,1672.7,charging
145.0,easyBike_forward3.2,easyBike,26.25,pa_6,711.44,charging
155.0,easyBike_forward1.3,easyBike,26.25,pa_3,1668.35,charging
155.0,easyBike_reverse3.3,easyBike,26.25,pa_8_rev,1672.7,charging
161.0,easyBike_forward4.2,easyBike,26.25,pa_3,1668.35,charging
161.0,easyBike_reverse1.4,easyBike,26.25,pa_3_rev,2216.87,charging
181.0,easyBike_forward2.3,easyBike,26.25,pa_3,1668.35,charging
181.0,easyBike_reverse2.4,easyBike,26.25,pa_8_rev,1672.7,charging
183.0,easyBike_reverse4.3,easyBike,26.25,pa_8_rev,1672.7,charging
201.0,easyBike_reverse1.5,easyBike,26.25,pa_3_rev,2216.87,charging
206.0,easyBike_forward1.4,easyBike,26.25,pa_3,1668.35,charging
206.0,easyBike_reverse3.4,easyBike,26.25,pa_7_rev,2196.0,charging
217.0,easyBike_forward3.3,easyBike,26.25,pa_6,711.44,charging
226.0,easyBike_reverse2.5,easyBike,26.25,pa_7_rev,2196.0,charging
241.0,easyBike_forward2.4,easyBike,26.25,pa_3,1668.35,charging
241.0,easyBike_reverse1.6,easyBike,26.25,pa_3_rev,2216.87,charging
241.0,easyBike_reverse4.4,easyBike,26.25,pa_7_rev,2196.0,charging
243.0,easyBike_forward4.3,easyBike,26.25,pa_3,1668.35,charging
258.0,easyBike_forward1.5,easyBike,26.25,pa_3,1668.35,charging
258.0,easyBike_reverse3.5,easyBike,26.25,pa_7_rev,2196.0,charging
268.0,eRickshaw_reverse2.0,eRickshaw,30.0,pa_3_rev,800.0,charging
269.0,eRickshaw_forward1.0,eRickshaw,30.0,pa_7_rev,3512.01,charging
271.0,easyBike_reverse2.6,easyBike,26.25,pa_7_rev,2196.0,charging
273.0,eRickshaw_forward3.0,eRickshaw,30.0,pa_8,900.0,charging
273.0,eRickshaw_reverse3.0,eRickshaw,30.0,pa_7_rev,500.0,charging
274.0,eRickshaw_forward2.0,eRickshaw,30.0,pa_7_rev,2443.77,charging
274.0,eRickshaw_forward3.0,eRickshaw,30.0,pa_8,900.0,charging
275.0,eRickshaw_forward3.0,eRickshaw,29.99,pa_8,900.0,charging
276.0,eRickshaw_forward3.0,eRickshaw,29.99,pa_8,900.0,charging
276.0,eRickshaw_reverse1.0,eRickshaw,30.0,pa_3_rev,800.0,charging
277.0,eRickshaw_forward3.0,eRickshaw,29.98,pa_8,900.0,charging
278.0,eRickshaw_forward3.0,eRickshaw,29.98,pa_8,900.0,charging
279.0,eRickshaw_forward4.0,eRickshaw,30.0,pa_8,900.0,charging
281.0,easyBike_reverse1.7,easyBike,26.25,pa_3_rev,2216.87,charging
286.0,eRickshaw_forward3.0,eRickshaw,29.98,pa_3_rev,2969.16,charging
289.0,easyBike_forward3.4,easyBike,26.25,pa_6,711.44,charging
291.0,eRickshaw_reverse4.0,eRickshaw,30.0,pa_3,1668.97,charging
301.0,easyBike_forward2.5,easyBike,26.25,pa_3,1668.35,charging
301.0,easyBike_reverse4.5,easyBike,26.25,pa_7_rev,2196.0,charging
309.0,easyBike_forward1.6,easyBike,26.25,pa_3,1668.35,charging
309.0,easyBike_reverse3.6,easyBike,26.25,pa_7_rev,2196.0,charging
316.0,easyBike_reverse2.7,easyBike,26.25,pa_7_rev,2196.0,charging
321.0,easyBike_forward4.4,easyBike,26.25,pa_3,1668.35,charging
321.0,easyBike_reverse1.8,easyBike,26.25,pa_2_rev,3086.76,charging
359.0,eRickshaw_reverse2.1,eRickshaw,30.0,pa_2_rev,1669.89,charging
361.0,easyBike_forward1.7,easyBike,26.25,pa_3,1668.35,charging
361.0,easyBike_forward2.6,easyBike,26.25,pa_3,1668.35,charging
361.0,easyBike_forward3.5,easyBike,26.25,pa_6,711.44,charging
361.0,easyBike_reverse1.9,easyBike,26.25,pa_2_rev,3086.76,charging
361.0,easyBike_reverse2.8,easyBike,26.25,pa_7_rev,2196.0,waiting
363.0,easyBike_reverse4.6,easyBike,26.25,pa_7_rev,2196.0,waiting
364.0,easyBike_reverse3.7,easyBike,26.25,pa_7_rev,2196.0,waiting
366.0,eRickshaw_reverse1.1,eRickshaw,30.0,pa_2_rev,1669.89,charging
371.0,eRickshaw_reverse3.1,eRickshaw,30.0,pa_6_rev,766.15,charging
401.0,easyBike_forward4.5,easyBike,26.25,pa_3,1668.35,waiting
401.0,easyBike_reverse1.10,easyBike,26.25,pa_2_rev,3086.76,charging
406.0,easyBike_reverse2.9,easyBike,26.25,pa_7_rev,2196.0,waiting
412.0,easyBike_forward1.8,easyBike,26.25,pa_3,1668.35,waiting
412.0,easyBike_reverse3.8,easyBike,26.25,pa_7_rev,2196.0,waiting
417.0,eRickshaw_forward3.1,eRickshaw,30.0,pa_8,900.0,charging
418.0,eRickshaw_forward3.1,eRickshaw,29.99,pa_8,900.0,charging
419.0,eRickshaw_forward3.1,eRickshaw,29.99,pa_8,900.0,charging
420.0,eRickshaw_forward3.1,eRickshaw,29.99,pa_8,900.0,charging
421.0,eRickshaw_forward3.1,eRickshaw,29.98,pa_8,900.0,charging
421.0,easyBike_forward2.7,easyBike,26.25,pa_3,1668.35,waiting
422.0,eRickshaw_forward3.1,eRickshaw,29.99,pa_8,900.0,charging
423.0,eRickshaw_forward3.1,eRickshaw,29.99,pa_8,900.0,charging
424.0,eRickshaw_forward3.1,eRickshaw,30.0,pa_8,900.0,charging
425.0,eRickshaw_forward3.1,eRickshaw,30.0,pa_8,900.0,charging
426.0,eRickshaw_forward3.1,eRickshaw,30.0,pa_8,900.0,charging
427.0,eRickshaw_forward3.1,eRickshaw,29.99,pa_8,900.0,charging
428.0,eRickshaw_forward3.1,eRickshaw,29.99,pa_8,900.0,charging
429.0,eRickshaw_forward3.1,eRickshaw,29.99,pa_8,900.0,charging
430.0,eRickshaw_forward3.1,eRickshaw,29.99,pa_8,900.0,charging
431.0,eRickshaw_forward3.1,eRickshaw,29.99,pa_8,900.0,charging
432.0,eRickshaw_forward3.1,eRickshaw,29.99,pa_8,900.0,charging
433.0,eRickshaw_forward3.1,eRickshaw,29.99,pa_8,900.0,charging
433.0,easyBike_forward3.6,easyBike,26.25,pa_7,1213.49,charging
434.0,eRickshaw_forward3.1,eRickshaw,29.99,pa_8,900.0,charging
435.0,eRickshaw_forward3.1,eRickshaw,29.99,pa_8,900.0,charging
436.0,eRickshaw_forward3.1,eRickshaw,29.99,pa_8,900.0,charging
437.0,eRickshaw_forward3.1,eRickshaw,29.99,pa_8,900.0,charging
438.0,eRickshaw_forward3.1,eRickshaw,29.99,pa_8,900.0,charging
439.0,eRickshaw_forward3.1,eRickshaw,29.99,pa_8,900.0,charging
440.0,eRickshaw_forward3.1,eRickshaw,29.99,pa_8,900.0,charging
441.0,eRickshaw_forward3.1,eRickshaw,29.99,pa_8,900.0,charging
441.0,easyBike_reverse1.11,easyBike,26.25,pa_2_rev,3086.76,charging
442.0,eRickshaw_forward3.1,eRickshaw,29.99,pa_8,900.0,charging
442.0,eRickshaw_reverse4.1,eRickshaw,30.0,pa_2_rev,1709.74,charging
443.0,eRickshaw_forward3.1,eRickshaw,29.99,pa_8,900.0,charging
444.0,eRickshaw_forward3.1,eRickshaw,29.99,pa_8,900.0,charging
445.0,eRickshaw_forward3.1,eRickshaw,29.99,pa_8,900.0,charging
446.0,eRickshaw_forward3.1,eRickshaw,29.99,pa_8,900.0,charging
447.0,eRickshaw_forward3.1,eRickshaw,29.99,pa_8,900.0,charging
448.0,eRickshaw_forward3.1,eRickshaw,29.99,pa_8,900.0,charging
449.0,eRickshaw_forward3.1,eRickshaw,29.99,pa_8,900.0,charging
450.0,eRickshaw_forward3.1,eRickshaw,29.99,pa_8,900.0,charging
451.0,eRickshaw_forward3.1,eRickshaw,29.99,pa_8,900.0,charging
452.0,eRickshaw_forward3.1,eRickshaw,29.99,pa_8,900.0,charging
452.0,eRickshaw_reverse2.2,eRickshaw,30.0,pa_2_rev,1669.89,charging
454.0,eRickshaw_reverse1.2,eRickshaw,30.0,pa_2_rev,1669.89,charging
459.0,eRickshaw_forward4.1,eRickshaw,30.0,pa_8,900.0,charging
461.0,eRickshaw_forward3.1,eRickshaw,29.98,pa_2_rev,3839.05,charging
475.0,eRickshaw_reverse3.2,eRickshaw,30.0,pa_6_rev,766.15,charging
481.0,easyBike_reverse1.12,easyBike,26.25,pa_2_rev,3086.76,charging
505.0,eRickshaw_forward2.1,eRickshaw,29.71,pa_2_rev,3839.05,charging
505.0,easyBike_forward3.7,easyBike,26.25,pa_7,1213.49,charging
521.0,easyBike_reverse1.13,easyBike,26.25,pa_2_rev,3086.76,waiting
531.0,eRickshaw_reverse4.2,eRickshaw,30.0,pa_2_rev,1709.74,waiting
535.0,eRickshaw_reverse2.3,eRickshaw,30.0,pa_2_rev,1669.89,waiting
544.0,eRickshaw_reverse1.3,eRickshaw,30.0,pa_2_rev,1669.89,waiting
558.0,easyBike_reverse2.10,easyBike,26.01,pa_2_rev,2678.78,waiting
560.0,eRickshaw_reverse1.4,eRickshaw,30.0,pa_2_rev,1669.89,waiting
561.0,eRickshaw_forward3.2,eRickshaw,30.0,pa_8,900.0,charging
561.0,easyBike_reverse1.14,easyBike,26.25,pa_2_rev,3086.76,waiting
562.0,eRickshaw_forward3.2,eRickshaw,29.99,pa_8,900.0,charging
563.0,eRickshaw_forward3.2,eRickshaw,29.99,pa_8,900.0,charging
564.0,eRickshaw_forward3.2,eRickshaw,29.99,pa_8,900.0,charging
565.0,eRickshaw_forward3.2,eRickshaw,29.98,pa_8,900.0,charging
569.0,eRickshaw_forward3.2,eRickshaw,29.97,pa_2_rev,3839.05,waiting
577.0,easyBike_forward3.8,easyBike,26.25,pa_7,1213.49,charging
599.0,easyBike_forward4.6,easyBike,25.98,pa_6_rev,1637.09,charging
